fips,cases,deaths
53061,1694,61
17031,10520,312
6059,1016,17
4013,1559,37
6037,7530,198
6085,1380,47
25025,3600,50
6075,679,10
55025,302,11
6073,1530,36
48029,514,18
31055,199,5
6023,50,0
6067,579,22
6095,117,2
53063,231,13
49035,868,7
6041,149,10
6055,26,2
6097,123,1
41067,295,6
53033,3690,246
6001,695,16
12057,631,7
12081,172,8
6061,117,4
6081,617,21
13121,1261,42
25021,1778,42
33009,43,0
53071,17,0
6013,462,7
37183,363,0
34003,7874,314
36119,15887,343
48157,417,7
53007,35,3
8035,244,8
8059,610,23
12113,70,2
24031,1088,26
25017,3545,80
32003,1878,65
32031,326,8
36059,18548,701
47187,287,3
48201,2341,31
4021,124,0
6113,67,3
8031,927,33
8037,374,5
8041,472,30
12011,2365,60
12071,475,14
13233,22,0
15003,328,4
18097,2299,67
21067,170,7
27123,112,3
34007,838,22
36087,6413,98
37037,24,0
40143,293,16
42045,1034,23
42127,47,0
45019,308,1
45055,165,3
49011,163,2
49053,27,0
53011,190,13
53031,27,0
53053,802,16
6019,156,3
6039,30,2
6065,1179,32
6087,76,1
11001,1440,27
12015,76,1
12091,77,1
12127,165,3
13067,608,29
13135,586,17
20091,244,11
25003,281,20
29189,1302,26
33015,268,2
36091,167,1
41029,40,0
41035,19,0
42091,1521,37
50003,28,1
51059,570,9
53037,15,0
9001,4417,155
13057,155,6
18063,244,7
19103,147,1
21097,14,0
21111,402,27
24025,86,0
25027,1296,30
27019,10,0
34031,4372,71
36103,15844,328
36111,422,2
41019,12,0
41047,218,9
45083,126,4
47037,1140,13
47157,912,21
53035,119,1
4019,464,16
6089,24,3
8005,764,19
8069,167,8
13089,732,12
13113,90,4
13115,97,3
18113,11,1
19155,11,0
22051,4092,149
24033,1310,32
34017,5437,122
34025,3038,86
34039,4831,125
39035,960,23
42089,671,17
48085,378,5
51810,207,1
55093,7,0
6077,237,14
6111,263,7
8051,98,1
12001,144,0
12021,282,3
12089,29,0
12101,127,2
12103,395,10
13049,3,0
17089,296,19
17111,180,5
18001,2,0
18011,77,3
22071,5070,208
25009,2103,52
26125,4007,234
26163,9626,446
27003,46,0
34005,801,17
41051,286,10
42101,4456,86
46005,21,1
46023,2,0
46035,3,1
46099,228,0
47163,27,1
48113,1324,20
48339,197,4
48439,588,19
49057,74,1
51107,238,0
53057,169,5
53073,238,20
5069,85,1
6099,95,0
8097,39,2
10003,636,11
12086,5460,50
12109,156,2
13015,195,12
13177,210,14
13185,49,1
17097,1041,23
18067,45,5
18081,230,8
18141,145,4
22017,803,25
24005,866,13
27109,108,2
28035,59,1
34023,4156,139
35001,325,11
35049,68,0
35053,7,0
36055,651,27
38101,16,0
39151,114,7
41017,45,0
41043,46,2
41053,28,1
41059,8,0
42017,931,25
45057,48,0
46009,3,0
48183,34,0
50007,324,15
51013,254,2
53029,149,7
53067,77,1
55039,48,2
55133,174,5
56033,12,0
2020,103,4
5119,201,7
6107,168,7
8001,417,14
9005,292,12
12019,99,7
12031,557,10
12099,1222,69
12115,184,8
12117,218,1
19027,1,0
20209,245,13
21173,7,0
23001,23,0
26065,205,2
26081,207,9
26117,18,1
26147,140,3
26161,610,13
27037,75,3
27053,344,18
27145,7,0
29077,71,7
31025,3,0
32510,14,0
34013,5598,276
34027,2468,102
36001,342,10
36025,37,0
36027,1395,16
36043,32,1
36071,3865,68
37025,86,2
37067,104,2
37101,51,4
37119,830,10
37133,23,1
39155,126,8
41005,103,3
42095,857,17
42103,148,6
47093,148,3
51510,143,1
51085,22,0
51095,122,3
51147,3,0
51153,263,1
53013,1,0
53027,7,0
53077,400,18
1051,24,0
1073,492,14
1083,32,0
1101,81,2
1125,85,0
6069,33,2
8019,7,0
8101,46,3
8107,32,0
8117,56,0
8123,573,30
12095,823,10
12097,277,4
13129,26,3
13151,219,3
16001,447,5
19085,11,0
20015,8,0
22089,328,19
22103,733,18
22109,209,14
23005,262,10
24003,466,11
24017,164,2
26017,39,0
26029,8,0
26089,4,0
26099,2626,141
27171,12,0
28029,19,0
28083,28,4
28109,60,3
29083,2,1
30031,119,0
30049,16,0
30093,11,0
30111,48,0
34029,2856,101
36093,149,9
37191,34,0
40109,317,15
42029,373,6
42041,84,2
42125,59,0
46087,2,0
47065,95,9
47089,12,0
47149,193,3
48027,74,2
48141,153,0
48167,287,5
48423,82,2
48453,596,7
51660,36,0
53025,95,2
55079,1417,59
55101,77,2
55117,31,2
56013,37,0
1003,49,1
4009,2,0
6079,102,1
8013,207,3
8077,32,0
9003,1290,68
9009,1945,70
13077,82,2
15007,18,0
16013,428,5
16081,6,0
17035,1,0
17043,875,30
17167,33,2
17163,127,3
17203,7,0
18091,28,3
18179,2,0
19049,35,0
20059,10,0
21017,4,1
21179,7,0
22015,159,6
22057,355,11
22095,432,35
24013,186,18
25001,423,11
25005,835,23
26115,152,0
27129,2,0
30063,25,1
34021,992,28
35043,143,2
36007,88,6
36107,12,0
36109,102,0
37019,26,1
37049,19,0
37085,34,2
39013,30,1
39017,102,2
39049,761,12
39093,136,4
39153,211,12
39157,26,0
40065,6,0
42003,720,10
45013,174,4
45063,128,5
47013,6,0
48039,184,1
48209,77,0
49043,273,0
50023,24,0
50027,24,2
51041,145,0
51177,31,0
53039,11,1
55139,24,1
1081,190,5
1117,165,5
5051,58,0
5125,30,1
6071,641,20
6083,228,2
8045,49,1
12003,15,1
12017,55,5
13059,81,9
13063,289,10
13095,1001,62
13217,67,3
15009,54,1
17027,13,0
17195,21,1
17201,63,3
18057,392,15
19005,19,1
19153,134,5
21049,11,0
22087,304,10
23015,9,0
24510,571,10
24027,274,3
25013,1081,64
25023,1327,32
26139,55,0
27161,3,0
27163,70,2
28049,178,1
33011,303,13
36029,1205,38
36039,25,0
36057,18,1
36079,403,15
37189,8,0
37195,38,2
39095,371,16
39103,94,4
40027,212,14
40071,33,3
40119,24,0
41071,25,5
42077,1319,11
42079,1134,11
45007,85,4
45045,223,3
45051,98,7
48121,398,7
49049,267,0
53041,17,2
53043,1,0
2090,71,1
5023,70,4
5025,8,0
5041,5,0
5079,11,0
6057,34,1
12033,182,3
12069,139,2
13117,98,2
13139,233,0
13223,66,1
13285,49,3
17143,16,1
17197,914,35
18005,68,6
18043,77,3
22005,366,15
24021,199,4
24041,10,1
27009,1,0
27013,21,0
28045,32,2
28095,19,1
29037,26,1
33003,23,0
34019,255,2
34035,1189,46
36003,21,0
36067,377,9
36069,39,0
37063,236,1
39055,44,1
40017,40,1
41003,21,1
45039,16,0
47155,19,0
48037,35,5
48321,44,3
49045,23,0
49051,82,0
50017,5,0
51179,48,0
51199,25,1
55087,25,2
55141,2,0
1089,165,2
1115,35,0
2130,14,0
4017,240,7
6029,309,2
6053,69,2
10005,279,5
12009,105,2
12105,206,6
13245,79,3
13313,19,3
15001,26,0
16065,4,0
18047,61,7
18089,462,13
19001,1,0
19013,19,0
20045,38,0
20057,2,0
21143,6,2
22033,935,33
22117,106,5
23011,26,1
23017,12,0
23031,121,2
26075,126,4
26137,29,2
27091,34,4
27103,5,0
28047,88,3
28059,111,5
29019,78,1
29051,35,1
29095,167,5
31107,2,0
31153,37,0
34015,340,7
34041,289,9
35055,14,0
36019,39,0
36083,91,1
36105,279,7
36121,27,0
37097,57,1
37163,5,0
38015,42,0
38017,77,1
39031,10,0
39037,38,7
39085,99,4
39099,305,28
40117,23,1
41039,31,1
42007,128,13
45017,5,1
45079,372,10
45091,115,2
48041,108,7
48139,44,2
48303,191,6
51540,23,1
51075,24,0
51087,291,33
51830,16,1
53021,75,2
53045,17,0
54037,40,0
55059,129,1
56021,44,0
56029,1,0
1015,52,0
1121,26,0
2122,12,0
4005,186,14
5011,5,0
5045,55,1
5143,36,0
6045,4,0
8125,2,0
9007,174,9
10001,201,3
12073,71,0
12119,91,7
12131,26,0
13073,50,0
13153,99,7
16083,55,1
17077,22,1
17091,145,6
17093,79,2
17099,17,1
17119,82,2
17189,2,0
17199,9,0
18019,87,8
18041,18,3
18079,44,2
18095,151,19
19183,62,2
19191,4,0
20103,59,1
21073,10,0
21117,75,8
21227,32,0
23019,31,0
25011,117,21
27131,4,0
28011,54,2
28027,32,1
28033,144,1
28089,83,2
28111,14,1
29183,254,10
29510,444,12
31001,27,0
31111,17,1
33001,21,0
33013,60,1
34001,168,4
36017,53,0
36031,7,0
36041,2,0
36045,40,0
36051,28,0
36113,33,1
36115,20,0
37071,62,2
37081,122,8
37093,13,0
37109,11,0
37125,37,0
37129,48,0
38059,18,1
39005,3,0
39023,13,0
39041,79,1
39077,9,1
39109,107,14
42001,33,0
42011,416,7
42069,266,10
42133,233,2
45061,22,2
47021,13,0
47147,67,0
47165,376,18
48285,2,0
48309,62,1
48325,7,0
48401,12,0
48479,135,6
48485,50,0
48491,87,4
49003,13,0
49005,28,0
51036,5,0
51760,119,2
53005,190,19
54055,6,0
55009,47,0
55063,22,0
55131,62,3
56039,39,0
1017,140,8
1097,249,8
1127,68,0
4023,6,0
4025,58,1
5007,46,0
5009,3,0
5019,27,0
5031,27,0
5035,65,1
5053,7,0
5055,6,0
5063,5,0
5111,6,0
5113,6,0
5115,21,0
5129,6,0
5131,9,0
5133,6,0
5141,25,1
8025,1,1
8049,4,0
8087,23,0
9013,128,13
9015,49,1
12053,57,1
12061,65,0
12063,4,0
12085,108,1
13021,51,1
13099,97,5
13103,19,1
13127,32,0
13175,27,0
13225,19,2
13247,85,2
18119,17,0
18157,38,1
18177,16,1
19061,28,1
19139,61,1
20021,5,0
20107,6,0
20127,2,0
20173,154,2
21047,45,0
21059,63,2
21101,20,0
21199,26,1
21209,21,0
22007,89,0
22019,191,4
22045,97,4
22047,171,9
22055,285,10
22063,99,1
22075,123,7
22093,181,7
22097,86,4
22119,51,2
22121,54,9
24009,56,2
24045,20,1
25015,164,3
26037,82,1
26045,67,3
26049,713,39
26093,174,2
26111,24,1
27099,18,0
27139,17,1
28051,27,3
28067,15,0
28123,34,0
28147,15,0
28157,33,3
28159,16,0
28163,38,1
30007,4,0
30029,31,0
30057,9,1
30085,2,0
31127,1,0
32007,9,1
34009,100,3
34037,357,21
35047,1,0
36095,12,0
36117,39,0
39061,437,13
39113,147,2
39139,25,0
40039,5,0
40051,9,0
40083,6,0
40087,15,0
40147,45,2
42071,561,16
42075,169,0
42129,183,1
45001,6,0
45035,54,0
45081,5,0
47035,33,0
47045,11,0
47125,72,2
47179,30,0
47189,117,0
48061,108,0
48103,2,0
48123,7,0
48251,30,0
48467,7,1
53009,10,0
54061,73,1
54093,3,0
55007,3,0
55015,4,0
55021,24,1
55035,21,0
55089,70,11
55111,20,2
55127,23,0
1043,22,1
1071,20,1
1075,6,0
1077,19,2
1129,7,1
4027,14,0
6005,2,0
6025,75,3
8014,52,2
8093,5,0
8113,10,0
9011,120,5
12087,52,3
13045,184,4
13051,124,4
13085,23,1
13097,124,5
13149,2,0
13171,15,0
13181,6,0
13201,9,0
13207,12,1
13215,94,2
13219,33,1
13227,10,2
13243,87,3
13255,56,4
13261,180,5
13273,95,9
13277,52,1
13287,22,0
13321,65,3
16011,2,0
16027,121,3
16055,42,0
17001,9,0
17021,24,4
17113,65,2
18003,97,9
18053,23,3
18145,60,5
18163,41,1
18167,33,3
20155,11,0
20161,19,0
21035,8,1
22025,14,1
22031,91,7
22079,135,4
22105,269,4
24047,10,0
27025,5,1
27027,20,0
27045,10,0
28001,25,0
28037,5,0
28053,6,1
28071,26,1
28077,6,0
28081,40,2
28093,24,1
28113,33,1
28121,79,2
28129,15,0
28139,37,4
29043,17,0
29069,9,0
29169,12,1
29201,11,0
31019,28,1
31109,39,1
32023,11,0
33005,14,1
34011,80,2
35013,39,0
35031,70,2
36021,72,4
36035,14,0
36037,47,0
36063,143,0
36065,125,2
37031,18,1
37057,73,1
37069,23,1
37135,81,0
37139,10,0
37147,51,0
37159,64,2
37167,8,0
38069,2,0
38071,3,0
39007,20,0
39029,71,6
39101,32,0
39159,8,0
39165,46,0
40049,11,0
41023,1,0
41061,3,0
42027,57,0
42049,29,1
42055,43,0
42105,3,0
45003,32,1
45015,56,0
45027,72,3
45031,28,0
45041,47,5
45075,31,0
45077,21,0
45085,117,3
47001,11,1
47009,42,2
47011,28,0
47043,27,0
47059,20,1
47063,4,0
47119,29,0
47167,38,0
48049,6,0
48067,5,2
48147,2,0
48219,10,1
48459,5,0
50001,49,0
50021,31,0
51001,11,0
51073,16,0
51700,60,1
51710,77,1
51740,41,1
53015,21,0
53055,12,0
53065,6,0
54035,19,1
54039,70,0
55017,17,0
55031,7,0
55033,6,0
55045,9,0
55055,16,0
55073,12,0
55105,42,2
55109,7,0
56005,6,0
56025,23,0
1093,23,3
4001,34,3
4003,9,0
6007,13,0
6017,29,0
6093,4,0
6115,15,2
8015,23,2
8039,10,1
8053,1,0
8085,35,3
12005,28,1
12055,44,4
12083,68,2
12107,24,1
12111,129,6
13009,30,1
13187,9,0
17037,32,1
18035,46,1
18039,46,3
18059,99,2
18061,48,1
18103,12,0
18175,21,0
19065,3,0
19087,15,1
19113,197,9
19169,6,0
21005,3,1
21151,14,1
21215,3,0
22009,48,1
22011,23,1
22013,17,1
22027,33,2
22039,25,0
22073,275,3
22101,81,0
23023,13,0
24011,11,0
24039,4,0
24043,57,0
25019,9,0
26005,18,0
26015,7,0
26021,72,2
26025,51,1
26035,3,0
26145,186,6
26157,27,2
26165,7,0
27039,13,0
27063,1,0
27137,28,0
27147,8,0
27157,6,0
28007,15,0
28025,11,0
28039,5,0
28043,8,0
28057,5,0
28079,15,0
28085,26,1
28087,17,0
28107,19,1
28127,6,0
28143,17,1
28145,6,0
28151,41,2
29013,4,0
29097,10,0
29101,35,0
30013,11,0
30081,3,0
33017,48,0
35025,2,0
36101,82,3
37021,33,1
37035,28,1
39025,27,1
39039,10,0
39043,10,1
39089,64,3
41033,16,0
42019,113,2
42093,26,0
45033,1,0
45037,6,0
45047,14,0
45053,12,0
45069,10,0
45071,9,1
47017,8,0
47029,2,0
47047,22,0
47123,6,0
47141,81,0
47145,5,0
47151,5,0
48021,18,1
48069,10,1
48117,7,0
48329,30,1
48359,3,1
48375,47,1
50011,33,3
50025,40,1
51003,41,0
51023,18,0
51067,12,0
51093,23,0
51117,16,0
51800,31,0
54051,5,0
54079,10,0
56007,4,0
12007,15,0
12023,16,0
12027,19,3
12035,36,1
13013,46,3
13035,23,0
13055,4,1
13065,3,0
13069,46,2
13267,3,0
13289,2,0
16085,2,0
17019,69,1
17085,8,0
17105,10,0
17161,67,1
17177,6,0
18105,60,0
18109,82,1
18133,27,1
18137,76,3
18143,11,2
18159,9,0
19033,12,0
19109,1,0
19157,6,1
19163,77,1
19167,7,0
19171,46,2
19193,11,0
20085,1,0
20123,2,0
21003,3,0
21025,2,0
21093,11,0
21113,18,0
21185,11,0
22001,86,2
24015,49,1
24037,62,0
26047,15,2
26051,4,0
26055,15,3
26143,6,0
27079,20,0
28017,17,2
28097,12,1
28105,30,1
28115,13,1
28133,27,1
28137,18,0
28155,13,1
31047,1,0
33019,6,1
34033,36,3
35045,116,0
36023,16,0
36053,92,1
36089,69,0
37039,9,1
37051,64,0
37059,20,2
37077,83,0
37089,50,2
37105,5,0
37127,24,1
37155,6,0
37165,3,0
37179,87,0
39019,9,0
39027,11,1
39053,4,1
39057,21,1
39063,17,0
39133,108,8
39173,41,2
40101,21,2
40103,6,0
42037,54,1
42043,168,2
42051,35,1
42085,27,0
42107,136,0
45029,12,0
46013,13,0
47023,7,0
47051,17,1
47053,13,0
47083,2,0
47105,15,0
47115,21,1
47107,3,0
47135,3,0
51009,8,0
51019,12,0
51047,10,0
51065,12,0
51105,3,0
51109,16,0
51165,20,0
53075,13,0
1059,7,0
1069,27,1
1123,43,1
2110,14,0
2170,5,0
8067,34,0
8075,13,0
8119,12,1
13033,19,0
13047,8,0
13145,15,0
13179,13,0
13195,10,1
13211,12,0
13229,39,1
13303,16,0
17133,20,1
18037,9,0
19081,3,0
19179,2,0
20011,6,1
20111,26,0
21141,5,0
22003,65,5
22043,10,0
22061,24,0
22069,25,0
22083,13,0
22099,112,4
23013,9,0
24023,5,0
24035,16,0
26033,1,0
26077,67,6
26121,42,4
26123,3,0
27011,1,0
27021,3,0
27073,1,0
27141,9,0
28073,19,1
28091,14,0
28135,3,0
29001,11,0
29027,20,1
29029,25,1
29047,37,1
29049,11,0
29107,27,1
29135,4,0
29157,30,0
29187,20,1
29213,7,0
31119,6,2
31177,20,0
32005,9,0
35005,16,0
36011,15,1
36075,34,0
36077,38,2
37001,27,0
37181,14,0
38099,3,0
39083,7,1
39091,5,0
39097,20,2
39143,5,1
39167,30,0
40123,9,0
41027,3,0
42021,9,1
45023,16,0
45043,24,1
45073,11,0
46029,12,0
46065,3,0
46085,2,0
46103,6,0
48343,1,0
49021,13,0
51590,15,0
51163,3,0
53001,30,0
53017,12,0
55027,16,0
1001,12,1
1103,34,0
5027,3,0
5029,4,1
5033,3,0
5037,6,0
5059,7,0
5075,8,1
5109,2,0
5137,7,0
5139,15,0
5145,27,0
5147,1,0
6009,5,0
6047,40,3
6051,20,1
8029,5,1
8043,4,0
8055,1,0
13007,9,2
13017,6,0
13029,25,2
13039,19,0
13071,79,5
13081,52,0
13111,9,0
13133,23,1
13155,11,0
13159,5,0
13193,12,0
13199,18,0
13205,113,12
13235,9,0
13253,13,0
13257,15,0
16005,5,0
16031,5,1
17063,12,0
18013,9,1
18029,47,2
18031,101,8
18051,4,0
18071,46,0
18093,56,8
18107,17,0
18115,1,0
18127,86,1
18149,6,0
18153,4,0
18173,26,0
19019,5,0
19031,18,0
19099,8,0
19181,13,0
20043,1,0
20149,5,0
20207,4,0
21159,4,0
21145,13,1
21165,3,0
21177,26,0
21213,14,1
22115,11,0
23027,7,1
26059,62,4
26073,22,2
26079,10,2
26087,64,5
26101,9,0
28019,9,1
28101,7,0
28103,5,0
29031,23,1
29071,56,3
29099,95,2
29155,4,0
30043,2,0
31155,4,0
35006,16,0
35009,8,0
36015,55,1
36073,16,0
37123,10,1
37151,37,2
37175,6,0
38025,1,0
39021,5,0
39033,9,0
39045,65,0
39071,6,0
40097,12,2
40145,57,4
41007,5,0
42005,19,0
42015,15,0
42025,76,1
42033,7,0
42067,18,0
42111,7,0
45025,20,0
46011,6,0
47025,2,0
47041,7,0
47061,16,0
47071,2,0
47103,7,0
47113,43,0
47133,5,0
48071,22,0
48091,29,3
48145,1,0
48181,14,0
48215,128,1
48245,78,4
48355,69,0
48367,6,0
48469,59,0
50005,8,0
50019,8,0
51550,99,1
51083,2,0
54003,73,0
54033,29,1
54077,6,0
54107,14,0
56037,5,0
1009,10,0
1013,3,0
1019,7,0
1021,22,0
1027,11,0
1029,12,0
1033,7,1
1047,7,0
1055,47,4
1079,8,0
1095,45,1
1107,15,0
1109,16,0
1113,14,0
1131,13,0
5043,5,0
6027,11,0
6101,20,2
8089,4,0
12039,8,0
13087,22,0
13091,9,0
13157,23,1
13169,7,0
13183,1,0
13269,5,2
13275,56,2
13299,43,3
13311,11,0
13317,5,0
16043,2,0
16049,3,0
16051,4,0
16069,18,2
16075,6,1
17041,10,0
17123,1,0
17137,8,1
18033,4,0
18073,14,1
18139,14,1
19011,12,1
20037,6,1
20133,1,0
20177,53,3
21085,2,0
21125,3,0
21147,3,0
21231,4,0
22049,5,0
22053,28,1
22067,23,0
22111,35,3
22127,5,2
24029,9,0
25007,8,0
26069,4,1
26091,36,0
26103,18,2
26151,22,2
26159,18,1
27049,13,0
27169,19,4
28013,13,0
28117,10,0
29053,2,0
29119,3,0
29139,5,0
29145,6,0
29165,19,0
29173,1,0
29175,7,0
29205,1,0
30041,1,0
31053,7,0
32019,4,0
35015,6,1
35039,7,0
36013,17,1
36033,10,0
37015,10,1
37023,29,2
37027,10,0
37045,26,0
37061,8,0
37091,4,1
37107,11,0
37111,10,0
37131,52,0
38031,1,0
38089,28,0
39047,4,0
39087,13,0
39107,11,1
39129,35,0
39147,6,1
39169,30,0
40001,25,2
40013,3,0
40019,1,0
40037,47,2
40041,13,0
40113,33,5
40125,20,1
40137,11,1
41041,4,0
42059,17,0
42073,32,2
42081,15,0
42123,1,0
44001,31,0
44003,137,0
44005,56,0
44007,832,20
44009,97,0
45067,5,1
45087,16,0
45089,13,0
46083,31,0
46093,1,0
47003,12,0
47073,18,1
47101,2,0
47185,2,0
48013,5,0
48015,6,0
48031,4,0
48053,5,0
48099,11,0
48133,3,0
48143,8,1
48149,16,0
48165,1,0
48185,4,0
48187,45,0
48189,7,0
48199,39,1
48223,4,0
48231,8,0
48257,14,0
48259,9,0
48277,6,0
48291,14,0
48293,6,1
48299,3,0
48323,7,0
48331,7,0
48361,26,0
48395,2,0
48409,7,0
48445,4,0
48451,24,0
48471,15,0
48481,17,0
48493,7,0
50015,19,1
51069,46,0
51630,8,0
51113,5,0
51683,20,0
51115,2,0
51125,3,0
51135,3,0
51137,7,0
51161,9,0
51171,13,0
53019,1,0
53047,12,0
54045,8,0
54049,29,1
54069,19,0
54081,5,0
55043,3,0
55049,4,0
55057,5,0
55081,5,0
56001,4,0
1011,3,0
1023,6,0
1037,9,0
1041,2,0
1049,14,0
1085,11,0
1091,14,1
4012,3,0
4015,23,1
5017,4,0
5061,5,0
5085,24,0
5121,6,0
8063,5,0
8105,5,0
8121,1,0
12133,2,0
13037,35,2
13119,3,0
13143,15,0
13189,17,1
13279,8,1
16037,2,0
17055,2,0
17179,17,2
18045,2,1
18099,11,0
18117,11,2
18129,5,0
18171,2,1
19007,1,1
19043,5,0
19057,3,0
19123,4,0
19133,6,0
19145,3,0
20087,5,0
20191,2,0
21015,34,1
21107,57,3
21161,3,0
21167,4,0
21225,4,0
21233,3,0
22037,39,1
22059,8,0
22065,2,0
22077,27,0
22113,22,1
23007,5,0
26053,3,1
26067,11,1
26107,8,1
26113,1,1
26127,3,1
26129,3,0
26155,27,0
27067,2,0
27143,1,0
27167,2,1
28009,5,0
28075,84,5
28119,12,0
28161,11,0
29015,3,0
29017,2,0
29035,3,1
29207,8,0
30053,7,1
30059,1,0
30101,17,3
31079,69,2
31099,3,0
37013,9,0
38049,1,1
38051,1,0
39009,3,1
39081,18,0
39119,6,0
39175,5,0
40031,44,0
40035,5,0
40081,10,0
40111,11,0
40115,15,0
40135,10,1
41057,3,0
41065,7,0
42013,6,0
42039,8,0
42063,21,0
42115,14,0
47005,4,0
47015,7,0
47111,16,1
47121,3,0
47171,1,0
48005,15,0
48057,12,0
48239,4,0
48255,2,0
48317,2,0
48347,21,2
48397,11,0
48465,11,0
49029,3,0
51007,8,0
51061,17,0
51079,4,0
51650,53,1
51099,11,0
51680,20,0
51131,2,0
51143,3,0
51735,4,0
51149,24,0
51750,1,0
51175,5,0
51187,8,0
51191,12,0
54053,6,0
54097,2,0
55019,7,0
55097,4,0
55125,4,0
56017,1,0
56019,8,0
1039,10,0
1053,5,0
1063,12,0
1111,15,2
1133,3,0
5005,4,0
6011,3,0
6031,7,0
8003,5,0
8023,3,0
8073,1,0
12075,6,0
12121,47,0
13053,2,0
13137,8,0
13147,3,0
13293,39,0
16045,8,0
17011,4,0
17073,16,0
17075,7,0
18015,3,0
18023,9,1
18049,3,0
18065,19,0
18069,6,1
18085,16,0
18087,6,1
18135,7,1
18183,8,1
19023,1,0
19045,19,0
19059,1,0
19083,1,0
19095,6,0
19127,15,0
19137,1,0
19187,2,0
19197,1,0
20027,1,0
20031,35,1
20063,1,0
20079,4,0
20113,12,0
20139,3,0
20143,3,0
21029,14,2
21037,37,3
21123,3,0
21239,9,0
22125,32,0
26027,9,1
26039,5,1
26057,5,0
26063,4,0
27007,6,0
27043,3,0
27081,2,0
27087,1,0
28063,4,0
28069,11,0
28099,13,0
28125,3,0
29005,1,0
29009,2,0
29021,16,0
29041,4,0
29113,25,1
29159,3,0
29177,7,0
29229,7,0
30047,5,0
30067,7,0
35041,1,0
35061,8,0
37079,10,0
37145,7,0
37171,10,0
39051,5,0
39149,19,0
40015,6,0
40021,16,1
40023,2,0
40077,4,1
40121,7,0
41009,9,0
41049,3,0
42097,22,0
46003,1,0
46049,1,0
46081,9,0
46121,1,0
46127,3,0
47159,3,0
48073,6,0
48203,11,1
48221,12,1
48337,1,0
48349,8,2
48381,40,2
48419,13,0
48427,7,0
48441,31,1
48463,5,0
48489,5,1
48503,3,0
49047,4,0
51520,1,0
51640,1,0
51770,14,0
53059,2,0
54025,3,0
54029,7,0
54073,1,0
55051,1,1
55075,3,0
55103,3,0
55135,2,1
56015,2,0
56043,4,0
1099,6,1
4007,3,0
5071,11,0
6021,2,0
8009,9,0
8081,3,0
12051,11,0
13031,12,0
13165,7,1
13213,12,0
13231,11,0
13297,27,2
13309,1,0
16019,7,0
16063,12,0
17015,5,1
17051,4,0
17115,13,1
18025,11,0
18111,6,1
18155,11,0
18165,2,0
18169,5,0
18181,3,0
19015,3,0
19107,2,0
19165,6,0
19173,1,0
20121,3,0
21021,8,0
21023,1,0
21027,3,0
21031,2,0
21041,2,0
21071,1,0
21081,9,1
21181,1,0
21211,11,0
21229,3,0
22035,1,0
22041,30,0
26133,3,0
27029,2,0
28005,7,1
28023,10,1
28031,7,0
29181,2,0
29219,13,0
31073,1,0
31141,5,0
32013,14,0
36009,15,0
36097,4,0
37065,12,0
37143,2,0
37149,8,0
38003,2,0
38023,1,0
38055,2,0
38061,20,0
38085,1,0
39003,23,1
39011,8,0
39123,6,0
39131,1,0
39161,2,0
40079,1,0
40105,10,0
42023,1,0
42031,8,0
42061,6,0
42083,1,0
42099,13,1
42109,9,1
42117,10,0
45059,8,1
46039,1,0
46057,1,0
46067,2,0
46135,17,0
47007,3,0
47019,3,0
47069,6,0
47091,2,0
47129,5,0
47169,14,1
47173,2,0
47183,5,0
48051,5,0
48055,5,0
48279,1,0
48305,3,0
48477,26,1
49017,1,0
49037,6,0
51670,13,0
51103,1,0
51121,16,0
51127,11,0
51133,3,0
51145,4,0
55085,5,0
56009,3,0
56035,1,0
1087,6,1
5001,1,0
5003,8,0
5057,3,0
5099,1,0
5105,2,0
6109,1,0
8079,2,0
8083,8,1
12043,4,1
12129,7,0
13005,13,0
13027,16,1
13043,4,0
16073,2,0
17005,3,0
17095,1,0
17129,2,0
17135,4,1
18021,11,0
18055,12,0
18083,10,0
18151,10,1
20055,11,0
20125,11,2
20185,1,0
20189,1,0
21019,20,2
21135,2,0
21217,3,0
22081,3,1
22085,7,0
23025,5,0
26031,10,1
27033,5,0
27041,1,0
27059,4,0
27111,2,0
28015,7,0
28021,3,0
28149,9,0
30023,3,0
31157,10,0
36049,8,0
37005,2,0
37033,2,0
37047,14,1
37053,3,0
37083,12,0
37137,3,0
37187,8,1
37197,9,0
40047,5,0
40131,19,0
40133,4,1
40139,3,0
42087,10,0
42121,5,0
46025,1,0
46027,6,0
46047,1,0
46109,4,0
46125,5,0
47031,7,0
47075,7,0
47079,6,0
47109,7,0
47131,4,1
48115,5,0
48135,30,0
48159,1,0
48213,1,0
48273,2,0
48373,8,0
48407,1,0
48437,1,0
48473,11,0
51005,2,0
51081,5,0
51685,5,0
51185,4,0
51840,15,0
51197,6,0
54011,13,0
54065,4,0
54103,3,0
54105,1,0
1007,9,0
1057,1,0
1065,7,0
1119,17,0
4011,1,0
5101,1,0
5123,31,0
6003,2,0
8007,6,0
8095,4,0
12059,2,0
13001,7,0
13011,4,0
13019,4,0
13023,1,0
13061,13,1
13075,4,0
13083,2,1
13093,28,1
13123,4,0
13163,4,0
13167,13,0
13191,3,0
13249,10,1
13263,7,1
13301,6,0
16017,3,0
16039,14,0
16053,19,1
16067,3,0
17023,4,0
17033,4,0
17121,4,0
17157,31,0
17165,2,0
19009,1,0
19047,6,0
19077,1,0
19097,4,0
19105,6,0
19177,6,0
20005,2,0
20169,7,1
21155,5,0
21157,8,0
26009,6,0
26041,8,0
26061,1,0
26149,16,0
27061,2,0
27093,1,0
27165,4,0
28003,6,0
29039,8,0
29055,5,0
29117,1,0
29121,2,0
29125,2,0
29141,1,0
29151,4,0
29163,4,0
29179,2,0
29209,3,0
29225,3,0
31003,1,0
31185,2,0
35057,7,0
37003,2,0
37161,25,0
38035,11,0
38065,1,0
39015,4,1
39075,3,0
39135,8,0
39141,10,0
40009,1,0
40033,4,0
40085,2,0
42119,8,0
45011,3,0
46091,1,0
47049,2,0
47055,3,0
47099,10,0
47117,9,0
47177,2,0
47181,2,0
48217,5,0
48289,2,0
48341,7,0
48497,3,0
51089,4,0
51101,2,0
51730,9,0
51173,5,0
54083,3,0
54087,2,0
55029,7,0
55053,5,0
55077,2,0
5091,17,0
5127,1,0
6063,3,0
8065,3,0
8109,3,0
12013,4,0
12125,2,0
13107,5,0
13131,8,0
13221,2,1
13241,6,0
13251,4,0
13259,4,0
13295,4,0
13307,3,0
13315,2,0
13319,8,0
16003,1,0
16025,1,0
17053,5,1
17141,12,0
18017,16,1
18077,7,0
19041,2,0
20009,4,0
20019,3,0
20099,9,0
21009,2,0
21061,6,0
21083,5,0
21091,2,0
21103,3,0
21127,1,0
21197,1,0
21203,6,0
21207,4,0
22029,12,1
22091,10,0
26011,4,0
26023,18,1
26135,2,0
27015,7,0
27017,14,0
27083,4,0
27155,2,0
28141,1,0
29081,4,0
29186,6,1
30051,1,0
30065,1,0
31105,9,0
36099,12,0
37007,6,0
37043,3,0
37117,4,0
37157,8,1
37193,4,1
38037,1,0
38053,5,0
38105,5,0
39127,6,0
41045,2,0
41063,2,0
42009,4,0
45009,6,0
47085,4,0
51025,1,0
51029,9,0
51031,4,0
51035,2,0
51043,3,0
51620,5,0
51097,1,0
51139,3,0
51181,3,0
51820,2,0
54031,2,0
55003,1,0
55011,2,1
55083,2,0
1025,10,0
1035,4,0
1045,4,0
5015,2,0
5077,2,0
12045,1,0
12049,2,0
12079,12,0
12093,5,0
13173,5,0
13237,5,0
13291,5,0
16047,4,0
16057,2,0
17127,2,0
17183,5,0
18075,3,0
19121,1,0
19131,2,0
20151,1,0
23009,3,0
24019,4,0
26097,3,0
27035,10,0
27047,17,0
27173,2,0
28061,4,0
29023,6,0
29025,1,0
29063,2,0
29073,2,0
30009,3,0
31039,2,0
35003,1,0
35017,4,0
35035,3,0
38013,2,0
39117,6,0
40055,32,4
45005,2,0
47027,2,0
47057,3,0
47081,2,0
47097,6,0
47153,1,0
48001,1,0
48063,1,0
48077,3,0
48089,3,0
48093,3,0
48177,1,0
48179,9,0
48265,2,0
48297,3,0
48351,1,0
48405,7,1
48499,4,0
51015,13,0
51183,6,0
54001,4,0
55023,2,0
55078,1,0
1031,12,0
2290,1,0
5093,4,0
5095,1,0
5103,5,0
5135,2,0
6015,2,0
8027,2,0
13271,6,0
16087,1,0
17107,3,0
17117,10,0
17131,2,0
17139,2,0
17147,4,0
18009,4,0
18147,1,0
19017,2,0
19101,3,0
19141,3,0
20029,3,0
20035,1,0
21011,1,0
21055,3,0
21057,1,0
21137,1,0
21163,2,0
21191,3,0
22021,14,0
24001,6,0
26043,2,1
27071,1,0
28153,5,0
29091,4,0
29143,5,0
31037,3,0
31067,23,1
31081,7,0
31131,1,0
36123,2,0
37055,7,0
37073,3,0
37113,1,1
37121,3,0
37169,8,0
39059,2,0
39065,2,0
39171,1,0
40005,1,0
40073,3,0
40075,1,0
40153,1,0
42053,5,0
45021,4,0
45049,4,0
45065,2,1
46079,2,0
46115,3,0
47087,4,0
47139,3,0
48129,7,0
48171,2,0
48175,3,0
48241,3,0
48249,2,0
48287,2,0
48363,2,0
48365,4,1
49025,2,0
51049,6,0
51775,1,0
53051,1,0
54071,1,0
55001,2,0
55121,1,0
56041,2,0
1005,3,0
1067,5,0
2240,1,0
5073,2,0
5117,2,0
6103,1,0
8071,1,0
8103,1,0
12037,2,0
13105,3,0
13197,7,0
13239,4,0
13281,2,0
17039,2,0
17049,2,0
17083,5,0
18121,5,0
19115,30,0
19119,2,0
19149,4,0
20115,3,0
20141,2,0
23003,2,0
23029,1,0
26095,1,0
29045,1,0
29115,3,0
29195,7,0
30035,2,0
31121,2,0
33007,1,0
37017,1,0
37041,1,0
37087,3,0
38027,1,0
38087,3,0
40053,1,0
40093,1,0
40089,2,0
41013,1,0
42035,3,0
48281,2,0
48449,2,0
49007,2,0
49013,2,0
49015,2,0
49019,1,0
49023,2,0
49027,4,0
51530,4,0
51033,4,0
51595,4,0
51678,3,0
51155,2,0
51159,2,0
51193,5,0
51195,4,0
53003,4,0
54057,3,0
55005,5,0
55107,3,0
56023,3,0
5039,1,0
8091,3,0
12029,1,0
12065,8,0
13305,3,0
16029,1,0
17079,3,0
17103,6,0
17125,3,0
17149,1,0
18101,1,0
18161,5,0
19075,1,0
19089,1,0
19111,1,0
19129,1,0
20073,1,0
20089,2,0
21033,5,0
21053,1,0
21183,6,0
21193,3,0
27085,1,0
27119,1,0
29147,2,0
30001,1,0
31031,1,0
35027,1,0
35028,2,0
37009,2,0
37185,3,0
39001,2,0
40141,1,0
42113,1,0
42131,5,0
47161,2,0
48003,10,0
48211,1,0
48233,2,0
48319,1,0
48455,2,0
48457,2,0
51037,1,0
51790,1,0
53069,2,0
55071,4,0
55115,4,0
56011,1,0
5107,1,0
5149,1,0
13079,3,0
17007,7,1
17013,1,0
17059,1,0
18027,5,1
19039,1,0
19079,2,0
20061,4,0
20157,3,0
20197,1,0
21001,4,1
21043,1,0
21089,2,0
21115,1,0
21131,1,0
21133,1,0
21149,3,0
21171,2,0
21195,1,0
27055,1,0
27117,1,0
28131,4,0
31097,1,0
31137,1,0
31159,1,0
37141,2,0
38029,1,1
39111,2,0
41055,1,0
42057,1,0
47077,2,0
48007,1,0
55037,2,0
2195,1,0
5021,1,0
5047,1,0
5065,1,0
5083,1,0
6033,3,0
12047,1,0
13003,4,0
13025,5,1
13101,2,0
13161,1,0
13283,1,0
17081,3,0
17185,1,0
18131,1,0
19037,1,0
19069,1,0
19125,2,0
19189,1,0
20129,1,0
22123,1,0
26141,1,0
27101,1,0
27127,1,0
28041,1,0
29075,1,0
29123,1,0
29161,1,0
29227,1,0
31033,1,0
31041,3,1
31167,1,0
39115,2,0
39125,2,0
39137,1,0
39145,1,0
40067,1,0
41015,2,0
48371,1,0
48505,1,0
78010,14,0
78020,2,0
78030,30,0
51011,3,0
51071,2,0
51167,1,0
54041,1,0
54091,5,0
55061,1,0
55137,1,0
2050,1,0
12041,2,0
12123,1,0
13141,1,0
16077,2,0
17029,2,0
17101,2,0
17159,1,0
17173,3,0
19021,1,0
19055,1,0
19073,1,0
20007,1,0
20163,2,0
20171,1,0
20175,3,0
21087,2,0
21099,1,0
21219,3,0
22023,1,0
26105,1,0
27135,1,0
27151,1,0
29059,1,0
29089,1,0
29149,1,0
29167,1,0
29199,1,0
37153,1,0
38011,1,0
39105,1,0
40007,1,0
40043,1,0
40095,1,0
42047,2,0
42065,1,0
48059,1,0
48107,1,0
48111,1,0
48193,1,0
48195,1,0
48275,1,0
48335,1,0
50013,1,0
51027,1,0
51045,2,0
51053,2,0
51111,2,0
51157,1,0
54009,1,0
54019,1,0
54047,3,0
54067,2,0
54095,1,0
54109,1,0
55065,1,0
5087,1,0
12067,1,0
17067,1,0
17175,1,0
19195,1,0
21007,1,0
21109,3,0
21235,1,0
26153,1,0
27115,1,0
29221,1,0
30083,2,0
38093,1,0
39069,1,0
39079,2,0
46102,1,0
47039,1,0
48025,1,0
48119,1,0
48125,1,0
48153,1,0
48163,1,0
48253,1,0
50009,3,0
54005,1,0
54007,1,0
54027,2,0
1061,0,0
1105,0,0
2013,0,0
2016,0,0
2060,0,0
2068,0,0
2070,0,0
2100,0,0
2105,0,0
2150,0,0
2158,0,0
2164,0,0
2180,0,0
2185,0,0
2188,0,0
2198,0,0
2220,0,0
2230,0,0
2261,0,0
2270,0,0
2275,0,0
2282,0,0
5013,0,0
5049,0,0
5067,0,0
5081,0,0
5089,0,0
5097,0,0
6035,0,0
6043,0,0
6049,0,0
6091,0,0
6105,0,0
8011,0,0
8017,0,0
8021,0,0
8033,0,0
8047,0,0
8057,0,0
8061,0,0
8099,0,0
8111,0,0
8115,0,0
12077,0,0
13109,0,0
13125,0,0
13209,0,0
13265,0,0
15005,0,0
16007,0,0
16009,0,0
16015,0,0
16021,0,0
16023,0,0
16033,0,0
16035,0,0
16041,0,0
16059,0,0
16061,0,0
16071,0,0
16079,0,0
17003,0,0
17009,0,0
17017,0,0
17025,0,0
17045,0,0
17047,0,0
17057,0,0
17061,0,0
17065,0,0
17069,0,0
17071,0,0
17087,0,0
17109,0,0
17145,0,0
17151,0,0
17153,0,0
17155,0,0
17169,0,0
17171,0,0
17181,0,0
17187,0,0
17191,0,0
17193,0,0
18007,0,0
18123,0,0
18125,0,0
19003,0,0
19025,0,0
19029,0,0
19035,0,0
19051,0,0
19053,0,0
19063,0,0
19067,0,0
19071,0,0
19091,0,0
19093,0,0
19117,0,0
19135,0,0
19143,0,0
19147,0,0
19151,0,0
19159,0,0
19161,0,0
19175,0,0
19185,0,0
20001,0,0
20003,0,0
20013,0,0
20017,0,0
20023,0,0
20025,0,0
20033,0,0
20039,0,0
20041,0,0
20047,0,0
20049,0,0
20051,0,0
20053,0,0
20065,0,0
20067,0,0
20069,0,0
20071,0,0
20075,0,0
20077,0,0
20081,0,0
20083,0,0
20093,0,0
20095,0,0
20097,0,0
20101,0,0
20105,0,0
20109,0,0
20117,0,0
20119,0,0
20131,0,0
20135,0,0
20137,0,0
20145,0,0
20147,0,0
20153,0,0
20159,0,0
20165,0,0
20167,0,0
20179,0,0
20181,0,0
20183,0,0
20187,0,0
20193,0,0
20195,0,0
20199,0,0
20201,0,0
20203,0,0
20205,0,0
21013,0,0
21039,0,0
21045,0,0
21051,0,0
21063,0,0
21065,0,0
21069,0,0
21075,0,0
21077,0,0
21079,0,0
21095,0,0
21105,0,0
21119,0,0
21121,0,0
21129,0,0
21139,0,0
21153,0,0
21169,0,0
21175,0,0
21187,0,0
21189,0,0
21201,0,0
21205,0,0
21221,0,0
21223,0,0
21237,0,0
22107,0,0
23021,0,0
26001,0,0
26003,0,0
26007,0,0
26013,0,0
26019,0,0
26071,0,0
26083,0,0
26085,0,0
26109,0,0
26119,0,0
26131,0,0
27001,0,0
27005,0,0
27023,0,0
27031,0,0
27051,0,0
27057,0,0
27065,0,0
27069,0,0
27075,0,0
27077,0,0
27089,0,0
27095,0,0
27097,0,0
27105,0,0
27107,0,0
27113,0,0
27121,0,0
27125,0,0
27133,0,0
27149,0,0
27153,0,0
27159,0,0
28055,0,0
28065,0,0
29003,0,0
29007,0,0
29011,0,0
29033,0,0
29057,0,0
29061,0,0
29065,0,0
29067,0,0
29079,0,0
29085,0,0
29087,0,0
29093,0,0
29103,0,0
29105,0,0
29109,0,0
29111,0,0
29127,0,0
29129,0,0
29131,0,0
29133,0,0
29137,0,0
29153,0,0
29171,0,0
29185,0,0
29197,0,0
29203,0,0
29211,0,0
29215,0,0
29217,0,0
29223,0,0
30003,0,0
30005,0,0
30011,0,0
30015,0,0
30017,0,0
30019,0,0
30021,0,0
30025,0,0
30027,0,0
30033,0,0
30037,0,0
30039,0,0
30045,0,0
30055,0,0
30061,0,0
30069,0,0
30071,0,0
30073,0,0
30075,0,0
30077,0,0
30079,0,0
30087,0,0
30089,0,0
30091,0,0
30095,0,0
30097,0,0
30099,0,0
30103,0,0
30105,0,0
30107,0,0
30109,0,0
31005,0,0
31007,0,0
31009,0,0
31011,0,0
31013,0,0
31015,0,0
31017,0,0
31021,0,0
31023,0,0
31027,0,0
31029,0,0
31035,0,0
31043,0,0
31045,0,0
31049,0,0
31051,0,0
31057,0,0
31059,0,0
31061,0,0
31063,0,0
31065,0,0
31069,0,0
31071,0,0
31075,0,0
31077,0,0
31083,0,0
31085,0,0
31087,0,0
31089,0,0
31091,0,0
31093,0,0
31095,0,0
31101,0,0
31103,0,0
31113,0,0
31115,0,0
31117,0,0
31123,0,0
31125,0,0
31129,0,0
31133,0,0
31135,0,0
31139,0,0
31143,0,0
31145,0,0
31147,0,0
31149,0,0
31151,0,0
31161,0,0
31163,0,0
31165,0,0
31169,0,0
31171,0,0
31173,0,0
31175,0,0
31179,0,0
31181,0,0
31183,0,0
32001,0,0
32009,0,0
32011,0,0
32015,0,0
32017,0,0
32021,0,0
32027,0,0
32029,0,0
32033,0,0
35007,0,0
35011,0,0
35019,0,0
35021,0,0
35023,0,0
35029,0,0
35033,0,0
35037,0,0
35051,0,0
35059,0,0
36005,0,0
36047,0,0
36061,0,0
36081,0,0
36085,0,0
37011,0,0
37029,0,0
37075,0,0
37095,0,0
37099,0,0
37103,0,0
37115,0,0
37173,0,0
37177,0,0
37199,0,0
38001,0,0
38005,0,0
38007,0,0
38009,0,0
38019,0,0
38021,0,0
38033,0,0
38039,0,0
38041,0,0
38043,0,0
38045,0,0
38047,0,0
38057,0,0
38063,0,0
38067,0,0
38073,0,0
38075,0,0
38077,0,0
38079,0,0
38081,0,0
38083,0,0
38091,0,0
38095,0,0
38097,0,0
38103,0,0
39067,0,0
39073,0,0
39121,0,0
39163,0,0
40003,0,0
40011,0,0
40025,0,0
40029,0,0
40045,0,0
40057,0,0
40059,0,0
40061,0,0
40063,0,0
40069,0,0
40091,0,0
40099,0,0
40107,0,0
40127,0,0
40129,0,0
40149,0,0
40151,0,0
41001,0,0
41011,0,0
41021,0,0
41025,0,0
41031,0,0
41037,0,0
41069,0,0
46007,0,0
46015,0,0
46017,0,0
46019,0,0
46021,0,0
46031,0,0
46033,0,0
46037,0,0
46041,0,0
46043,0,0
46045,0,0
46051,0,0
46053,0,0
46055,0,0
46059,0,0
46061,0,0
46063,0,0
46069,0,0
46071,0,0
46073,0,0
46075,0,0
46077,0,0
46089,0,0
46095,0,0
46097,0,0
46101,0,0
46105,0,0
46107,0,0
46111,0,0
46113,0,0
46117,0,0
46119,0,0
46123,0,0
46129,0,0
46137,0,0
47033,0,0
47067,0,0
47095,0,0
47127,0,0
47137,0,0
47143,0,0
47175,0,0
48009,0,0
48011,0,0
48017,0,0
48019,0,0
48023,0,0
48033,0,0
48035,0,0
48043,0,0
48045,0,0
48047,0,0
48065,0,0
48075,0,0
48079,0,0
48081,0,0
48083,0,0
48087,0,0
48095,0,0
48097,0,0
48101,0,0
48105,0,0
48109,0,0
48127,0,0
48131,0,0
48137,0,0
48151,0,0
48155,0,0
48161,0,0
48169,0,0
48173,0,0
48191,0,0
48197,0,0
48205,0,0
48207,0,0
48225,0,0
48227,0,0
48229,0,0
48235,0,0
48237,0,0
48243,0,0
48247,0,0
48261,0,0
48263,0,0
48267,0,0
48269,0,0
48271,0,0
48283,0,0
48295,0,0
48301,0,0
48307,0,0
48311,0,0
48313,0,0
48315,0,0
48327,0,0
48333,0,0
48345,0,0
48353,0,0
48357,0,0
48369,0,0
48377,0,0
48379,0,0
48383,0,0
48385,0,0
48387,0,0
48389,0,0
48391,0,0
48393,0,0
48399,0,0
48403,0,0
48411,0,0
48413,0,0
48415,0,0
48417,0,0
48421,0,0
48425,0,0
48429,0,0
48431,0,0
48433,0,0
48435,0,0
48443,0,0
48447,0,0
48461,0,0
48475,0,0
48483,0,0
48487,0,0
48495,0,0
48501,0,0
48507,0,0
49001,0,0
49009,0,0
49031,0,0
49033,0,0
49039,0,0
49041,0,0
49055,0,0
51017,0,0
51021,0,0
51051,0,0
51057,0,0
51063,0,0
51077,0,0
51091,0,0
51119,0,0
51141,0,0
51169,0,0
51515,0,0
51570,0,0
51580,0,0
51600,0,0
51610,0,0
51690,0,0
51720,0,0
53023,0,0
53049,0,0
54013,0,0
54015,0,0
54017,0,0
54021,0,0
54023,0,0
54043,0,0
54059,0,0
54063,0,0
54075,0,0
54085,0,0
54089,0,0
54099,0,0
54101,0,0
55013,0,0
55041,0,0
55047,0,0
55067,0,0
55069,0,0
55091,0,0
55095,0,0
55099,0,0
55113,0,0
55119,0,0
55123,0,0
55129,0,0
56003,0,0
56027,0,0
56031,0,0
56045,0,0
