retail,grocery_and_pharmacy,parks,transit_stations,workplaces,residential,fips
0,-42.0,-13.0,-35.0,-23.0,-38.0,14.0,1003
1,-42.0,-13.0,-35.0,-23.0,-38.0,14.0,13009
2,-35.0,0.0,38.0,-33.0,-36.0,14.0,1043
3,-42.0,-9.0,-9.0,-37.0,-48.0,20.0,1073
4,-42.0,-9.0,-9.0,-37.0,-48.0,20.0,5069
5,-42.0,-9.0,-9.0,-37.0,-48.0,20.0,8059
6,-42.0,-9.0,-9.0,-37.0,-48.0,20.0,12065
7,-42.0,-9.0,-9.0,-37.0,-48.0,20.0,13163
8,-42.0,-9.0,-9.0,-37.0,-48.0,20.0,16051
9,-42.0,-9.0,-9.0,-37.0,-48.0,20.0,17081
10,-42.0,-9.0,-9.0,-37.0,-48.0,20.0,18077
11,-42.0,-9.0,-9.0,-37.0,-48.0,20.0,19101
12,-42.0,-9.0,-9.0,-37.0,-48.0,20.0,20087
13,-42.0,-9.0,-9.0,-37.0,-48.0,20.0,21111
14,-42.0,-9.0,-9.0,-37.0,-48.0,20.0,28063
15,-42.0,-9.0,-9.0,-37.0,-48.0,20.0,29099
16,-42.0,-9.0,-9.0,-37.0,-48.0,20.0,30043
17,-42.0,-9.0,-9.0,-37.0,-48.0,20.0,31095
18,-42.0,-9.0,-9.0,-37.0,-48.0,20.0,36045
19,-42.0,-9.0,-9.0,-37.0,-48.0,20.0,39081
20,-42.0,-9.0,-9.0,-37.0,-48.0,20.0,40067
21,-42.0,-9.0,-9.0,-37.0,-48.0,20.0,41031
22,-42.0,-9.0,-9.0,-37.0,-48.0,20.0,42065
23,-42.0,-9.0,-9.0,-37.0,-48.0,20.0,47089
24,-42.0,-9.0,-9.0,-37.0,-48.0,20.0,48245
25,-42.0,-9.0,-9.0,-37.0,-48.0,20.0,53031
26,-42.0,-9.0,-9.0,-37.0,-48.0,20.0,54037
27,-42.0,-9.0,-9.0,-37.0,-48.0,20.0,55055
28,-42.0,-27.0,34.0,-39.0,-60.0,24.0,1073
29,-42.0,-27.0,34.0,-39.0,-60.0,24.0,5069
30,-42.0,-27.0,34.0,-39.0,-60.0,24.0,8059
31,-42.0,-27.0,34.0,-39.0,-60.0,24.0,12065
32,-42.0,-27.0,34.0,-39.0,-60.0,24.0,13163
33,-42.0,-27.0,34.0,-39.0,-60.0,24.0,16051
34,-42.0,-27.0,34.0,-39.0,-60.0,24.0,17081
35,-42.0,-27.0,34.0,-39.0,-60.0,24.0,18077
36,-42.0,-27.0,34.0,-39.0,-60.0,24.0,19101
37,-42.0,-27.0,34.0,-39.0,-60.0,24.0,20087
38,-42.0,-27.0,34.0,-39.0,-60.0,24.0,21111
39,-42.0,-27.0,34.0,-39.0,-60.0,24.0,28063
40,-42.0,-27.0,34.0,-39.0,-60.0,24.0,29099
41,-42.0,-27.0,34.0,-39.0,-60.0,24.0,30043
42,-42.0,-27.0,34.0,-39.0,-60.0,24.0,31095
43,-42.0,-27.0,34.0,-39.0,-60.0,24.0,36045
44,-42.0,-27.0,34.0,-39.0,-60.0,24.0,39081
45,-42.0,-27.0,34.0,-39.0,-60.0,24.0,40067
46,-42.0,-27.0,34.0,-39.0,-60.0,24.0,41031
47,-42.0,-27.0,34.0,-39.0,-60.0,24.0,42065
48,-42.0,-27.0,34.0,-39.0,-60.0,24.0,47089
49,-42.0,-27.0,34.0,-39.0,-60.0,24.0,48245
50,-42.0,-27.0,34.0,-39.0,-60.0,24.0,53031
51,-42.0,-27.0,34.0,-39.0,-60.0,24.0,54037
52,-42.0,-27.0,34.0,-39.0,-60.0,24.0,55055
53,-38.0,2.0,78.0,-27.0,-51.0,19.0,1073
54,-38.0,2.0,78.0,-27.0,-51.0,19.0,5069
55,-38.0,2.0,78.0,-27.0,-51.0,19.0,8059
56,-38.0,2.0,78.0,-27.0,-51.0,19.0,12065
57,-38.0,2.0,78.0,-27.0,-51.0,19.0,13163
58,-38.0,2.0,78.0,-27.0,-51.0,19.0,16051
59,-38.0,2.0,78.0,-27.0,-51.0,19.0,17081
60,-38.0,2.0,78.0,-27.0,-51.0,19.0,18077
61,-38.0,2.0,78.0,-27.0,-51.0,19.0,19101
62,-38.0,2.0,78.0,-27.0,-51.0,19.0,20087
63,-38.0,2.0,78.0,-27.0,-51.0,19.0,21111
64,-38.0,2.0,78.0,-27.0,-51.0,19.0,28063
65,-38.0,2.0,78.0,-27.0,-51.0,19.0,29099
66,-38.0,2.0,78.0,-27.0,-51.0,19.0,30043
67,-38.0,2.0,78.0,-27.0,-51.0,19.0,31095
68,-38.0,2.0,78.0,-27.0,-51.0,19.0,36045
69,-38.0,2.0,78.0,-27.0,-51.0,19.0,39081
70,-38.0,2.0,78.0,-27.0,-51.0,19.0,40067
71,-38.0,2.0,78.0,-27.0,-51.0,19.0,41031
72,-38.0,2.0,78.0,-27.0,-51.0,19.0,42065
73,-38.0,2.0,78.0,-27.0,-51.0,19.0,47089
74,-38.0,2.0,78.0,-27.0,-51.0,19.0,48245
75,-38.0,2.0,78.0,-27.0,-51.0,19.0,53031
76,-38.0,2.0,78.0,-27.0,-51.0,19.0,54037
77,-38.0,2.0,78.0,-27.0,-51.0,19.0,55055
78,-39.0,-16.0,13.0,-23.0,-37.0,16.0,1073
79,-39.0,-16.0,13.0,-23.0,-37.0,16.0,5069
80,-39.0,-16.0,13.0,-23.0,-37.0,16.0,8059
81,-39.0,-16.0,13.0,-23.0,-37.0,16.0,12065
82,-39.0,-16.0,13.0,-23.0,-37.0,16.0,13163
83,-39.0,-16.0,13.0,-23.0,-37.0,16.0,16051
84,-39.0,-16.0,13.0,-23.0,-37.0,16.0,17081
85,-39.0,-16.0,13.0,-23.0,-37.0,16.0,18077
86,-39.0,-16.0,13.0,-23.0,-37.0,16.0,19101
87,-39.0,-16.0,13.0,-23.0,-37.0,16.0,20087
88,-39.0,-16.0,13.0,-23.0,-37.0,16.0,21111
89,-39.0,-16.0,13.0,-23.0,-37.0,16.0,28063
90,-39.0,-16.0,13.0,-23.0,-37.0,16.0,29099
91,-39.0,-16.0,13.0,-23.0,-37.0,16.0,30043
92,-39.0,-16.0,13.0,-23.0,-37.0,16.0,31095
93,-39.0,-16.0,13.0,-23.0,-37.0,16.0,36045
94,-39.0,-16.0,13.0,-23.0,-37.0,16.0,39081
95,-39.0,-16.0,13.0,-23.0,-37.0,16.0,40067
96,-39.0,-16.0,13.0,-23.0,-37.0,16.0,41031
97,-39.0,-16.0,13.0,-23.0,-37.0,16.0,42065
98,-39.0,-16.0,13.0,-23.0,-37.0,16.0,47089
99,-39.0,-16.0,13.0,-23.0,-37.0,16.0,48245
100,-39.0,-16.0,13.0,-23.0,-37.0,16.0,53031
101,-39.0,-16.0,13.0,-23.0,-37.0,16.0,54037
102,-39.0,-16.0,13.0,-23.0,-37.0,16.0,55055
103,-43.0,-14.0,-3.0,-48.0,-54.0,23.0,1089
104,-43.0,-14.0,-3.0,-48.0,-54.0,23.0,5087
105,-43.0,-14.0,-3.0,-48.0,-54.0,23.0,12079
106,-43.0,-14.0,-3.0,-48.0,-54.0,23.0,13195
107,-43.0,-14.0,-3.0,-48.0,-54.0,23.0,16065
108,-43.0,-14.0,-3.0,-48.0,-54.0,23.0,17119
109,-43.0,-14.0,-3.0,-48.0,-54.0,23.0,18095
110,-43.0,-14.0,-3.0,-48.0,-54.0,23.0,19121
111,-43.0,-14.0,-3.0,-48.0,-54.0,23.0,21151
112,-43.0,-14.0,-3.0,-48.0,-54.0,23.0,28089
113,-43.0,-14.0,-3.0,-48.0,-54.0,23.0,29123
114,-43.0,-14.0,-3.0,-48.0,-54.0,23.0,30057
115,-43.0,-14.0,-3.0,-48.0,-54.0,23.0,31119
116,-43.0,-14.0,-3.0,-48.0,-54.0,23.0,36053
117,-43.0,-14.0,-3.0,-48.0,-54.0,23.0,37115
118,-43.0,-14.0,-3.0,-48.0,-54.0,23.0,39097
119,-43.0,-14.0,-3.0,-48.0,-54.0,23.0,47113
120,-43.0,-14.0,-3.0,-48.0,-54.0,23.0,48313
121,-43.0,-14.0,-3.0,-48.0,-54.0,23.0,51113
122,-33.0,-12.0,36.0,-20.0,-48.0,18.0,1089
123,-33.0,-12.0,36.0,-20.0,-48.0,18.0,5087
124,-33.0,-12.0,36.0,-20.0,-48.0,18.0,12079
125,-33.0,-12.0,36.0,-20.0,-48.0,18.0,13195
126,-33.0,-12.0,36.0,-20.0,-48.0,18.0,16065
127,-33.0,-12.0,36.0,-20.0,-48.0,18.0,17119
128,-33.0,-12.0,36.0,-20.0,-48.0,18.0,18095
129,-33.0,-12.0,36.0,-20.0,-48.0,18.0,19121
130,-33.0,-12.0,36.0,-20.0,-48.0,18.0,21151
131,-33.0,-12.0,36.0,-20.0,-48.0,18.0,28089
132,-33.0,-12.0,36.0,-20.0,-48.0,18.0,29123
133,-33.0,-12.0,36.0,-20.0,-48.0,18.0,30057
134,-33.0,-12.0,36.0,-20.0,-48.0,18.0,31119
135,-33.0,-12.0,36.0,-20.0,-48.0,18.0,36053
136,-33.0,-12.0,36.0,-20.0,-48.0,18.0,37115
137,-33.0,-12.0,36.0,-20.0,-48.0,18.0,39097
138,-33.0,-12.0,36.0,-20.0,-48.0,18.0,47113
139,-33.0,-12.0,36.0,-20.0,-48.0,18.0,48313
140,-33.0,-12.0,36.0,-20.0,-48.0,18.0,51113
141,-32.0,-5.0,-12.0,-28.0,-39.0,16.0,1097
142,-40.0,-13.0,-12.0,-20.0,-46.0,20.0,1101
143,-40.0,-13.0,-12.0,-20.0,-46.0,20.0,5097
144,-40.0,-13.0,-12.0,-20.0,-46.0,20.0,13209
145,-40.0,-13.0,-12.0,-20.0,-46.0,20.0,17135
146,-40.0,-13.0,-12.0,-20.0,-46.0,20.0,18107
147,-40.0,-13.0,-12.0,-20.0,-46.0,20.0,19137
148,-40.0,-13.0,-12.0,-20.0,-46.0,20.0,20125
149,-40.0,-13.0,-12.0,-20.0,-46.0,20.0,21173
150,-40.0,-13.0,-12.0,-20.0,-46.0,20.0,24031
151,-40.0,-13.0,-12.0,-20.0,-46.0,20.0,28097
152,-40.0,-13.0,-12.0,-20.0,-46.0,20.0,29139
153,-40.0,-13.0,-12.0,-20.0,-46.0,20.0,36057
154,-40.0,-13.0,-12.0,-20.0,-46.0,20.0,37123
155,-40.0,-13.0,-12.0,-20.0,-46.0,20.0,39113
156,-40.0,-13.0,-12.0,-20.0,-46.0,20.0,42091
157,-40.0,-13.0,-12.0,-20.0,-46.0,20.0,47125
158,-40.0,-13.0,-12.0,-20.0,-46.0,20.0,48339
159,-40.0,-13.0,-12.0,-20.0,-46.0,20.0,51121
160,-49.0,-29.0,57.0,-64.0,-67.0,29.0,1101
161,-49.0,-29.0,57.0,-64.0,-67.0,29.0,5097
162,-49.0,-29.0,57.0,-64.0,-67.0,29.0,13209
163,-49.0,-29.0,57.0,-64.0,-67.0,29.0,17135
164,-49.0,-29.0,57.0,-64.0,-67.0,29.0,18107
165,-49.0,-29.0,57.0,-64.0,-67.0,29.0,19137
166,-49.0,-29.0,57.0,-64.0,-67.0,29.0,20125
167,-49.0,-29.0,57.0,-64.0,-67.0,29.0,21173
168,-49.0,-29.0,57.0,-64.0,-67.0,29.0,24031
169,-49.0,-29.0,57.0,-64.0,-67.0,29.0,28097
170,-49.0,-29.0,57.0,-64.0,-67.0,29.0,29139
171,-49.0,-29.0,57.0,-64.0,-67.0,29.0,36057
172,-49.0,-29.0,57.0,-64.0,-67.0,29.0,37123
173,-49.0,-29.0,57.0,-64.0,-67.0,29.0,39113
174,-49.0,-29.0,57.0,-64.0,-67.0,29.0,42091
175,-49.0,-29.0,57.0,-64.0,-67.0,29.0,47125
176,-49.0,-29.0,57.0,-64.0,-67.0,29.0,48339
177,-49.0,-29.0,57.0,-64.0,-67.0,29.0,51121
178,-36.0,-6.0,94.0,-12.0,-50.0,17.0,1101
179,-36.0,-6.0,94.0,-12.0,-50.0,17.0,5097
180,-36.0,-6.0,94.0,-12.0,-50.0,17.0,13209
181,-36.0,-6.0,94.0,-12.0,-50.0,17.0,17135
182,-36.0,-6.0,94.0,-12.0,-50.0,17.0,18107
183,-36.0,-6.0,94.0,-12.0,-50.0,17.0,19137
184,-36.0,-6.0,94.0,-12.0,-50.0,17.0,20125
185,-36.0,-6.0,94.0,-12.0,-50.0,17.0,21173
186,-36.0,-6.0,94.0,-12.0,-50.0,17.0,24031
187,-36.0,-6.0,94.0,-12.0,-50.0,17.0,28097
188,-36.0,-6.0,94.0,-12.0,-50.0,17.0,29139
189,-36.0,-6.0,94.0,-12.0,-50.0,17.0,36057
190,-36.0,-6.0,94.0,-12.0,-50.0,17.0,37123
191,-36.0,-6.0,94.0,-12.0,-50.0,17.0,39113
192,-36.0,-6.0,94.0,-12.0,-50.0,17.0,42091
193,-36.0,-6.0,94.0,-12.0,-50.0,17.0,47125
194,-36.0,-6.0,94.0,-12.0,-50.0,17.0,48339
195,-36.0,-6.0,94.0,-12.0,-50.0,17.0,51121
196,-50.0,-32.0,49.0,-64.0,-64.0,27.0,1101
197,-50.0,-32.0,49.0,-64.0,-64.0,27.0,5097
198,-50.0,-32.0,49.0,-64.0,-64.0,27.0,13209
199,-50.0,-32.0,49.0,-64.0,-64.0,27.0,17135
200,-50.0,-32.0,49.0,-64.0,-64.0,27.0,18107
201,-50.0,-32.0,49.0,-64.0,-64.0,27.0,19137
202,-50.0,-32.0,49.0,-64.0,-64.0,27.0,20125
203,-50.0,-32.0,49.0,-64.0,-64.0,27.0,21173
204,-50.0,-32.0,49.0,-64.0,-64.0,27.0,24031
205,-50.0,-32.0,49.0,-64.0,-64.0,27.0,28097
206,-50.0,-32.0,49.0,-64.0,-64.0,27.0,29139
207,-50.0,-32.0,49.0,-64.0,-64.0,27.0,36057
208,-50.0,-32.0,49.0,-64.0,-64.0,27.0,37123
209,-50.0,-32.0,49.0,-64.0,-64.0,27.0,39113
210,-50.0,-32.0,49.0,-64.0,-64.0,27.0,42091
211,-50.0,-32.0,49.0,-64.0,-64.0,27.0,47125
212,-50.0,-32.0,49.0,-64.0,-64.0,27.0,48339
213,-50.0,-32.0,49.0,-64.0,-64.0,27.0,51121
214,-31.0,-2.0,4.0,-13.0,-47.0,18.0,1101
215,-31.0,-2.0,4.0,-13.0,-47.0,18.0,5097
216,-31.0,-2.0,4.0,-13.0,-47.0,18.0,13209
217,-31.0,-2.0,4.0,-13.0,-47.0,18.0,17135
218,-31.0,-2.0,4.0,-13.0,-47.0,18.0,18107
219,-31.0,-2.0,4.0,-13.0,-47.0,18.0,19137
220,-31.0,-2.0,4.0,-13.0,-47.0,18.0,20125
221,-31.0,-2.0,4.0,-13.0,-47.0,18.0,21173
222,-31.0,-2.0,4.0,-13.0,-47.0,18.0,24031
223,-31.0,-2.0,4.0,-13.0,-47.0,18.0,28097
224,-31.0,-2.0,4.0,-13.0,-47.0,18.0,29139
225,-31.0,-2.0,4.0,-13.0,-47.0,18.0,36057
226,-31.0,-2.0,4.0,-13.0,-47.0,18.0,37123
227,-31.0,-2.0,4.0,-13.0,-47.0,18.0,39113
228,-31.0,-2.0,4.0,-13.0,-47.0,18.0,42091
229,-31.0,-2.0,4.0,-13.0,-47.0,18.0,47125
230,-31.0,-2.0,4.0,-13.0,-47.0,18.0,48339
231,-31.0,-2.0,4.0,-13.0,-47.0,18.0,51121
232,-38.0,-14.0,8.0,-23.0,-49.0,20.0,1101
233,-38.0,-14.0,8.0,-23.0,-49.0,20.0,5097
234,-38.0,-14.0,8.0,-23.0,-49.0,20.0,13209
235,-38.0,-14.0,8.0,-23.0,-49.0,20.0,17135
236,-38.0,-14.0,8.0,-23.0,-49.0,20.0,18107
237,-38.0,-14.0,8.0,-23.0,-49.0,20.0,19137
238,-38.0,-14.0,8.0,-23.0,-49.0,20.0,20125
239,-38.0,-14.0,8.0,-23.0,-49.0,20.0,21173
240,-38.0,-14.0,8.0,-23.0,-49.0,20.0,24031
241,-38.0,-14.0,8.0,-23.0,-49.0,20.0,28097
242,-38.0,-14.0,8.0,-23.0,-49.0,20.0,29139
243,-38.0,-14.0,8.0,-23.0,-49.0,20.0,36057
244,-38.0,-14.0,8.0,-23.0,-49.0,20.0,37123
245,-38.0,-14.0,8.0,-23.0,-49.0,20.0,39113
246,-38.0,-14.0,8.0,-23.0,-49.0,20.0,42091
247,-38.0,-14.0,8.0,-23.0,-49.0,20.0,47125
248,-38.0,-14.0,8.0,-23.0,-49.0,20.0,48339
249,-38.0,-14.0,8.0,-23.0,-49.0,20.0,51121
250,-30.0,0.0,19.0,-20.0,-38.0,15.0,1103
251,-30.0,0.0,19.0,-20.0,-38.0,15.0,8087
252,-30.0,0.0,19.0,-20.0,-38.0,15.0,13211
253,-30.0,0.0,19.0,-20.0,-38.0,15.0,17137
254,-30.0,0.0,19.0,-20.0,-38.0,15.0,18109
255,-30.0,0.0,19.0,-20.0,-38.0,15.0,21175
256,-30.0,0.0,19.0,-20.0,-38.0,15.0,29141
257,-30.0,0.0,19.0,-20.0,-38.0,15.0,39115
258,-30.0,0.0,19.0,-20.0,-38.0,15.0,47129
259,-30.0,0.0,19.0,-20.0,-38.0,15.0,49029
260,-30.0,0.0,19.0,-20.0,-38.0,15.0,54065
261,-38.0,-5.0,-31.0,-26.0,-47.0,21.0,1125
262,-36.0,0.0,-35.0,-23.0,-46.0,16.0,4001
263,-37.0,-18.0,-32.0,-30.0,-42.0,14.0,4003
264,-44.0,-14.0,-32.0,-36.0,-50.0,19.0,4005
265,-38.0,-18.0,-23.0,-44.0,-51.0,19.0,4013
266,-39.0,-12.0,-39.0,-20.0,-38.0,13.0,4015
267,-28.0,-6.0,-4.0,-15.0,-41.0,13.0,4017
268,-41.0,-13.0,-29.0,-41.0,-49.0,18.0,4019
269,-31.0,-19.0,-35.0,-24.0,-44.0,15.0,4021
270,-53.0,-34.0,-40.0,-15.0,-42.0,17.0,4023
271,-53.0,-34.0,-40.0,-15.0,-42.0,17.0,6087
272,-51.0,-25.0,-28.0,-64.0,-56.0,24.0,4023
273,-51.0,-25.0,-28.0,-64.0,-56.0,24.0,6087
274,-41.0,-12.0,-33.0,-28.0,-40.0,13.0,4025
275,-48.0,-28.0,-61.0,-42.0,-39.0,16.0,4027
276,-48.0,-28.0,-61.0,-42.0,-39.0,16.0,8125
277,-29.0,-10.0,159.0,-57.0,-49.0,17.0,5007
278,-29.0,-10.0,159.0,-57.0,-49.0,17.0,18007
279,-29.0,-10.0,159.0,-57.0,-49.0,17.0,19011
280,-29.0,-10.0,159.0,-57.0,-49.0,17.0,27009
281,-29.0,-10.0,159.0,-57.0,-49.0,17.0,28009
282,-29.0,-10.0,159.0,-57.0,-49.0,17.0,29015
283,-29.0,-10.0,159.0,-57.0,-49.0,17.0,41003
284,-29.0,-10.0,159.0,-57.0,-49.0,17.0,47005
285,-29.0,-10.0,159.0,-57.0,-49.0,17.0,53005
286,-37.0,-9.0,96.0,-15.0,-55.0,19.0,5007
287,-37.0,-9.0,96.0,-15.0,-55.0,19.0,18007
288,-37.0,-9.0,96.0,-15.0,-55.0,19.0,19011
289,-37.0,-9.0,96.0,-15.0,-55.0,19.0,27009
290,-37.0,-9.0,96.0,-15.0,-55.0,19.0,28009
291,-37.0,-9.0,96.0,-15.0,-55.0,19.0,29015
292,-37.0,-9.0,96.0,-15.0,-55.0,19.0,41003
293,-37.0,-9.0,96.0,-15.0,-55.0,19.0,47005
294,-37.0,-9.0,96.0,-15.0,-55.0,19.0,53005
295,-32.0,-5.0,73.0,-38.0,-43.0,15.0,5119
296,-32.0,-5.0,73.0,-38.0,-43.0,15.0,13235
297,-32.0,-5.0,73.0,-38.0,-43.0,15.0,17153
298,-32.0,-5.0,73.0,-38.0,-43.0,15.0,18131
299,-32.0,-5.0,73.0,-38.0,-43.0,15.0,21199
300,-32.0,-5.0,73.0,-38.0,-43.0,15.0,29169
301,-32.0,-5.0,73.0,-38.0,-43.0,15.0,51155
302,-30.0,-6.0,169.0,-6.0,-43.0,15.0,1129
303,-30.0,-6.0,169.0,-6.0,-43.0,15.0,5143
304,-30.0,-6.0,169.0,-6.0,-43.0,15.0,8121
305,-30.0,-6.0,169.0,-6.0,-43.0,15.0,12133
306,-30.0,-6.0,169.0,-6.0,-43.0,15.0,13303
307,-30.0,-6.0,169.0,-6.0,-43.0,15.0,16087
308,-30.0,-6.0,169.0,-6.0,-43.0,15.0,17189
309,-30.0,-6.0,169.0,-6.0,-43.0,15.0,18175
310,-30.0,-6.0,169.0,-6.0,-43.0,15.0,19183
311,-30.0,-6.0,169.0,-6.0,-43.0,15.0,20201
312,-30.0,-6.0,169.0,-6.0,-43.0,15.0,21229
313,-30.0,-6.0,169.0,-6.0,-43.0,15.0,23029
314,-30.0,-6.0,169.0,-6.0,-43.0,15.0,24043
315,-30.0,-6.0,169.0,-6.0,-43.0,15.0,27163
316,-30.0,-6.0,169.0,-6.0,-43.0,15.0,28151
317,-30.0,-6.0,169.0,-6.0,-43.0,15.0,29221
318,-30.0,-6.0,169.0,-6.0,-43.0,15.0,31177
319,-30.0,-6.0,169.0,-6.0,-43.0,15.0,36115
320,-30.0,-6.0,169.0,-6.0,-43.0,15.0,37187
321,-30.0,-6.0,169.0,-6.0,-43.0,15.0,39167
322,-30.0,-6.0,169.0,-6.0,-43.0,15.0,40147
323,-30.0,-6.0,169.0,-6.0,-43.0,15.0,41067
324,-30.0,-6.0,169.0,-6.0,-43.0,15.0,42125
325,-30.0,-6.0,169.0,-6.0,-43.0,15.0,44009
326,-30.0,-6.0,169.0,-6.0,-43.0,15.0,47179
327,-30.0,-6.0,169.0,-6.0,-43.0,15.0,48477
328,-30.0,-6.0,169.0,-6.0,-43.0,15.0,49053
329,-30.0,-6.0,169.0,-6.0,-43.0,15.0,50023
330,-30.0,-6.0,169.0,-6.0,-43.0,15.0,51191
331,-30.0,-6.0,169.0,-6.0,-43.0,15.0,55131
332,-35.0,-18.0,71.0,-12.0,-45.0,17.0,1129
333,-35.0,-18.0,71.0,-12.0,-45.0,17.0,5143
334,-35.0,-18.0,71.0,-12.0,-45.0,17.0,8121
335,-35.0,-18.0,71.0,-12.0,-45.0,17.0,12133
336,-35.0,-18.0,71.0,-12.0,-45.0,17.0,13303
337,-35.0,-18.0,71.0,-12.0,-45.0,17.0,16087
338,-35.0,-18.0,71.0,-12.0,-45.0,17.0,17189
339,-35.0,-18.0,71.0,-12.0,-45.0,17.0,18175
340,-35.0,-18.0,71.0,-12.0,-45.0,17.0,19183
341,-35.0,-18.0,71.0,-12.0,-45.0,17.0,20201
342,-35.0,-18.0,71.0,-12.0,-45.0,17.0,21229
343,-35.0,-18.0,71.0,-12.0,-45.0,17.0,23029
344,-35.0,-18.0,71.0,-12.0,-45.0,17.0,24043
345,-35.0,-18.0,71.0,-12.0,-45.0,17.0,27163
346,-35.0,-18.0,71.0,-12.0,-45.0,17.0,28151
347,-35.0,-18.0,71.0,-12.0,-45.0,17.0,29221
348,-35.0,-18.0,71.0,-12.0,-45.0,17.0,31177
349,-35.0,-18.0,71.0,-12.0,-45.0,17.0,36115
350,-35.0,-18.0,71.0,-12.0,-45.0,17.0,37187
351,-35.0,-18.0,71.0,-12.0,-45.0,17.0,39167
352,-35.0,-18.0,71.0,-12.0,-45.0,17.0,40147
353,-35.0,-18.0,71.0,-12.0,-45.0,17.0,41067
354,-35.0,-18.0,71.0,-12.0,-45.0,17.0,42125
355,-35.0,-18.0,71.0,-12.0,-45.0,17.0,44009
356,-35.0,-18.0,71.0,-12.0,-45.0,17.0,47179
357,-35.0,-18.0,71.0,-12.0,-45.0,17.0,48477
358,-35.0,-18.0,71.0,-12.0,-45.0,17.0,49053
359,-35.0,-18.0,71.0,-12.0,-45.0,17.0,50023
360,-35.0,-18.0,71.0,-12.0,-45.0,17.0,51191
361,-35.0,-18.0,71.0,-12.0,-45.0,17.0,55131
362,-38.0,-20.0,93.0,-28.0,-57.0,25.0,1129
363,-38.0,-20.0,93.0,-28.0,-57.0,25.0,5143
364,-38.0,-20.0,93.0,-28.0,-57.0,25.0,8121
365,-38.0,-20.0,93.0,-28.0,-57.0,25.0,12133
366,-38.0,-20.0,93.0,-28.0,-57.0,25.0,13303
367,-38.0,-20.0,93.0,-28.0,-57.0,25.0,16087
368,-38.0,-20.0,93.0,-28.0,-57.0,25.0,17189
369,-38.0,-20.0,93.0,-28.0,-57.0,25.0,18175
370,-38.0,-20.0,93.0,-28.0,-57.0,25.0,19183
371,-38.0,-20.0,93.0,-28.0,-57.0,25.0,20201
372,-38.0,-20.0,93.0,-28.0,-57.0,25.0,21229
373,-38.0,-20.0,93.0,-28.0,-57.0,25.0,23029
374,-38.0,-20.0,93.0,-28.0,-57.0,25.0,24043
375,-38.0,-20.0,93.0,-28.0,-57.0,25.0,27163
376,-38.0,-20.0,93.0,-28.0,-57.0,25.0,28151
377,-38.0,-20.0,93.0,-28.0,-57.0,25.0,29221
378,-38.0,-20.0,93.0,-28.0,-57.0,25.0,31177
379,-38.0,-20.0,93.0,-28.0,-57.0,25.0,36115
380,-38.0,-20.0,93.0,-28.0,-57.0,25.0,37187
381,-38.0,-20.0,93.0,-28.0,-57.0,25.0,39167
382,-38.0,-20.0,93.0,-28.0,-57.0,25.0,40147
383,-38.0,-20.0,93.0,-28.0,-57.0,25.0,41067
384,-38.0,-20.0,93.0,-28.0,-57.0,25.0,42125
385,-38.0,-20.0,93.0,-28.0,-57.0,25.0,44009
386,-38.0,-20.0,93.0,-28.0,-57.0,25.0,47179
387,-38.0,-20.0,93.0,-28.0,-57.0,25.0,48477
388,-38.0,-20.0,93.0,-28.0,-57.0,25.0,49053
389,-38.0,-20.0,93.0,-28.0,-57.0,25.0,50023
390,-38.0,-20.0,93.0,-28.0,-57.0,25.0,51191
391,-38.0,-20.0,93.0,-28.0,-57.0,25.0,55131
392,-41.0,-18.0,74.0,-52.0,-59.0,23.0,1129
393,-41.0,-18.0,74.0,-52.0,-59.0,23.0,5143
394,-41.0,-18.0,74.0,-52.0,-59.0,23.0,8121
395,-41.0,-18.0,74.0,-52.0,-59.0,23.0,12133
396,-41.0,-18.0,74.0,-52.0,-59.0,23.0,13303
397,-41.0,-18.0,74.0,-52.0,-59.0,23.0,16087
398,-41.0,-18.0,74.0,-52.0,-59.0,23.0,17189
399,-41.0,-18.0,74.0,-52.0,-59.0,23.0,18175
400,-41.0,-18.0,74.0,-52.0,-59.0,23.0,19183
401,-41.0,-18.0,74.0,-52.0,-59.0,23.0,20201
402,-41.0,-18.0,74.0,-52.0,-59.0,23.0,21229
403,-41.0,-18.0,74.0,-52.0,-59.0,23.0,23029
404,-41.0,-18.0,74.0,-52.0,-59.0,23.0,24043
405,-41.0,-18.0,74.0,-52.0,-59.0,23.0,27163
406,-41.0,-18.0,74.0,-52.0,-59.0,23.0,28151
407,-41.0,-18.0,74.0,-52.0,-59.0,23.0,29221
408,-41.0,-18.0,74.0,-52.0,-59.0,23.0,31177
409,-41.0,-18.0,74.0,-52.0,-59.0,23.0,36115
410,-41.0,-18.0,74.0,-52.0,-59.0,23.0,37187
411,-41.0,-18.0,74.0,-52.0,-59.0,23.0,39167
412,-41.0,-18.0,74.0,-52.0,-59.0,23.0,40147
413,-41.0,-18.0,74.0,-52.0,-59.0,23.0,41067
414,-41.0,-18.0,74.0,-52.0,-59.0,23.0,42125
415,-41.0,-18.0,74.0,-52.0,-59.0,23.0,44009
416,-41.0,-18.0,74.0,-52.0,-59.0,23.0,47179
417,-41.0,-18.0,74.0,-52.0,-59.0,23.0,48477
418,-41.0,-18.0,74.0,-52.0,-59.0,23.0,49053
419,-41.0,-18.0,74.0,-52.0,-59.0,23.0,50023
420,-41.0,-18.0,74.0,-52.0,-59.0,23.0,51191
421,-41.0,-18.0,74.0,-52.0,-59.0,23.0,55131
422,-42.0,-10.0,39.0,-20.0,-50.0,19.0,1129
423,-42.0,-10.0,39.0,-20.0,-50.0,19.0,5143
424,-42.0,-10.0,39.0,-20.0,-50.0,19.0,8121
425,-42.0,-10.0,39.0,-20.0,-50.0,19.0,12133
426,-42.0,-10.0,39.0,-20.0,-50.0,19.0,13303
427,-42.0,-10.0,39.0,-20.0,-50.0,19.0,16087
428,-42.0,-10.0,39.0,-20.0,-50.0,19.0,17189
429,-42.0,-10.0,39.0,-20.0,-50.0,19.0,18175
430,-42.0,-10.0,39.0,-20.0,-50.0,19.0,19183
431,-42.0,-10.0,39.0,-20.0,-50.0,19.0,20201
432,-42.0,-10.0,39.0,-20.0,-50.0,19.0,21229
433,-42.0,-10.0,39.0,-20.0,-50.0,19.0,23029
434,-42.0,-10.0,39.0,-20.0,-50.0,19.0,24043
435,-42.0,-10.0,39.0,-20.0,-50.0,19.0,27163
436,-42.0,-10.0,39.0,-20.0,-50.0,19.0,28151
437,-42.0,-10.0,39.0,-20.0,-50.0,19.0,29221
438,-42.0,-10.0,39.0,-20.0,-50.0,19.0,31177
439,-42.0,-10.0,39.0,-20.0,-50.0,19.0,36115
440,-42.0,-10.0,39.0,-20.0,-50.0,19.0,37187
441,-42.0,-10.0,39.0,-20.0,-50.0,19.0,39167
442,-42.0,-10.0,39.0,-20.0,-50.0,19.0,40147
443,-42.0,-10.0,39.0,-20.0,-50.0,19.0,41067
444,-42.0,-10.0,39.0,-20.0,-50.0,19.0,42125
445,-42.0,-10.0,39.0,-20.0,-50.0,19.0,44009
446,-42.0,-10.0,39.0,-20.0,-50.0,19.0,47179
447,-42.0,-10.0,39.0,-20.0,-50.0,19.0,48477
448,-42.0,-10.0,39.0,-20.0,-50.0,19.0,49053
449,-42.0,-10.0,39.0,-20.0,-50.0,19.0,50023
450,-42.0,-10.0,39.0,-20.0,-50.0,19.0,51191
451,-42.0,-10.0,39.0,-20.0,-50.0,19.0,55131
452,-46.0,-26.0,15.0,-41.0,-51.0,22.0,1129
453,-46.0,-26.0,15.0,-41.0,-51.0,22.0,5143
454,-46.0,-26.0,15.0,-41.0,-51.0,22.0,8121
455,-46.0,-26.0,15.0,-41.0,-51.0,22.0,12133
456,-46.0,-26.0,15.0,-41.0,-51.0,22.0,13303
457,-46.0,-26.0,15.0,-41.0,-51.0,22.0,16087
458,-46.0,-26.0,15.0,-41.0,-51.0,22.0,17189
459,-46.0,-26.0,15.0,-41.0,-51.0,22.0,18175
460,-46.0,-26.0,15.0,-41.0,-51.0,22.0,19183
461,-46.0,-26.0,15.0,-41.0,-51.0,22.0,20201
462,-46.0,-26.0,15.0,-41.0,-51.0,22.0,21229
463,-46.0,-26.0,15.0,-41.0,-51.0,22.0,23029
464,-46.0,-26.0,15.0,-41.0,-51.0,22.0,24043
465,-46.0,-26.0,15.0,-41.0,-51.0,22.0,27163
466,-46.0,-26.0,15.0,-41.0,-51.0,22.0,28151
467,-46.0,-26.0,15.0,-41.0,-51.0,22.0,29221
468,-46.0,-26.0,15.0,-41.0,-51.0,22.0,31177
469,-46.0,-26.0,15.0,-41.0,-51.0,22.0,36115
470,-46.0,-26.0,15.0,-41.0,-51.0,22.0,37187
471,-46.0,-26.0,15.0,-41.0,-51.0,22.0,39167
472,-46.0,-26.0,15.0,-41.0,-51.0,22.0,40147
473,-46.0,-26.0,15.0,-41.0,-51.0,22.0,41067
474,-46.0,-26.0,15.0,-41.0,-51.0,22.0,42125
475,-46.0,-26.0,15.0,-41.0,-51.0,22.0,44009
476,-46.0,-26.0,15.0,-41.0,-51.0,22.0,47179
477,-46.0,-26.0,15.0,-41.0,-51.0,22.0,48477
478,-46.0,-26.0,15.0,-41.0,-51.0,22.0,49053
479,-46.0,-26.0,15.0,-41.0,-51.0,22.0,50023
480,-46.0,-26.0,15.0,-41.0,-51.0,22.0,51191
481,-46.0,-26.0,15.0,-41.0,-51.0,22.0,55131
482,-34.0,-11.0,-15.0,-15.0,-37.0,15.0,1129
483,-34.0,-11.0,-15.0,-15.0,-37.0,15.0,5143
484,-34.0,-11.0,-15.0,-15.0,-37.0,15.0,8121
485,-34.0,-11.0,-15.0,-15.0,-37.0,15.0,12133
486,-34.0,-11.0,-15.0,-15.0,-37.0,15.0,13303
487,-34.0,-11.0,-15.0,-15.0,-37.0,15.0,16087
488,-34.0,-11.0,-15.0,-15.0,-37.0,15.0,17189
489,-34.0,-11.0,-15.0,-15.0,-37.0,15.0,18175
490,-34.0,-11.0,-15.0,-15.0,-37.0,15.0,19183
491,-34.0,-11.0,-15.0,-15.0,-37.0,15.0,20201
492,-34.0,-11.0,-15.0,-15.0,-37.0,15.0,21229
493,-34.0,-11.0,-15.0,-15.0,-37.0,15.0,23029
494,-34.0,-11.0,-15.0,-15.0,-37.0,15.0,24043
495,-34.0,-11.0,-15.0,-15.0,-37.0,15.0,27163
496,-34.0,-11.0,-15.0,-15.0,-37.0,15.0,28151
497,-34.0,-11.0,-15.0,-15.0,-37.0,15.0,29221
498,-34.0,-11.0,-15.0,-15.0,-37.0,15.0,31177
499,-34.0,-11.0,-15.0,-15.0,-37.0,15.0,36115
500,-34.0,-11.0,-15.0,-15.0,-37.0,15.0,37187
501,-34.0,-11.0,-15.0,-15.0,-37.0,15.0,39167
502,-34.0,-11.0,-15.0,-15.0,-37.0,15.0,40147
503,-34.0,-11.0,-15.0,-15.0,-37.0,15.0,41067
504,-34.0,-11.0,-15.0,-15.0,-37.0,15.0,42125
505,-34.0,-11.0,-15.0,-15.0,-37.0,15.0,44009
506,-34.0,-11.0,-15.0,-15.0,-37.0,15.0,47179
507,-34.0,-11.0,-15.0,-15.0,-37.0,15.0,48477
508,-34.0,-11.0,-15.0,-15.0,-37.0,15.0,49053
509,-34.0,-11.0,-15.0,-15.0,-37.0,15.0,50023
510,-34.0,-11.0,-15.0,-15.0,-37.0,15.0,51191
511,-34.0,-11.0,-15.0,-15.0,-37.0,15.0,55131
512,-53.0,-24.0,-13.0,-71.0,-66.0,29.0,6001
513,-36.0,-13.0,-16.0,-49.0,-45.0,15.0,6007
514,-36.0,-13.0,-16.0,-49.0,-45.0,15.0,16023
515,-36.0,-13.0,-16.0,-49.0,-45.0,15.0,46019
516,-44.0,-14.0,-18.0,-65.0,-59.0,26.0,6013
517,-45.0,-24.0,-22.0,-47.0,-54.0,20.0,6017
518,-36.0,-12.0,-51.0,-41.0,-46.0,18.0,6019
519,-42.0,-23.0,9.0,-51.0,-47.0,17.0,6023
520,-42.0,-23.0,9.0,-51.0,-47.0,17.0,19091
521,-42.0,-23.0,9.0,-51.0,-47.0,17.0,32013
522,-53.0,-33.0,-68.0,-64.0,-48.0,21.0,6025
523,-42.0,-17.0,-59.0,-36.0,-49.0,20.0,6029
524,-33.0,-10.0,-48.0,-37.0,-40.0,15.0,6031
525,-33.0,-10.0,-48.0,-37.0,-40.0,15.0,36047
526,-64.0,-21.0,-18.0,-67.0,-71.0,31.0,6031
527,-64.0,-21.0,-18.0,-67.0,-71.0,31.0,36047
528,-35.0,1.0,-23.0,-32.0,-41.0,13.0,6033
529,-35.0,1.0,-23.0,-32.0,-41.0,13.0,8065
530,-35.0,1.0,-23.0,-32.0,-41.0,13.0,12069
531,-35.0,1.0,-23.0,-32.0,-41.0,13.0,17097
532,-35.0,1.0,-23.0,-32.0,-41.0,13.0,18089
533,-35.0,1.0,-23.0,-32.0,-41.0,13.0,26085
534,-35.0,1.0,-23.0,-32.0,-41.0,13.0,27075
535,-35.0,1.0,-23.0,-32.0,-41.0,13.0,30047
536,-35.0,1.0,-23.0,-32.0,-41.0,13.0,39085
537,-35.0,1.0,-23.0,-32.0,-41.0,13.0,41037
538,-35.0,1.0,-23.0,-32.0,-41.0,13.0,46079
539,-35.0,1.0,-23.0,-32.0,-41.0,13.0,47095
540,-41.0,-20.0,-25.0,-47.0,-44.0,17.0,6033
541,-41.0,-20.0,-25.0,-47.0,-44.0,17.0,8065
542,-41.0,-20.0,-25.0,-47.0,-44.0,17.0,12069
543,-41.0,-20.0,-25.0,-47.0,-44.0,17.0,17097
544,-41.0,-20.0,-25.0,-47.0,-44.0,17.0,18089
545,-41.0,-20.0,-25.0,-47.0,-44.0,17.0,26085
546,-41.0,-20.0,-25.0,-47.0,-44.0,17.0,27075
547,-41.0,-20.0,-25.0,-47.0,-44.0,17.0,30047
548,-41.0,-20.0,-25.0,-47.0,-44.0,17.0,39085
549,-41.0,-20.0,-25.0,-47.0,-44.0,17.0,41037
550,-41.0,-20.0,-25.0,-47.0,-44.0,17.0,46079
551,-41.0,-20.0,-25.0,-47.0,-44.0,17.0,47095
552,-48.0,-11.0,1.0,-55.0,-58.0,25.0,6033
553,-48.0,-11.0,1.0,-55.0,-58.0,25.0,8065
554,-48.0,-11.0,1.0,-55.0,-58.0,25.0,12069
555,-48.0,-11.0,1.0,-55.0,-58.0,25.0,17097
556,-48.0,-11.0,1.0,-55.0,-58.0,25.0,18089
557,-48.0,-11.0,1.0,-55.0,-58.0,25.0,26085
558,-48.0,-11.0,1.0,-55.0,-58.0,25.0,27075
559,-48.0,-11.0,1.0,-55.0,-58.0,25.0,30047
560,-48.0,-11.0,1.0,-55.0,-58.0,25.0,39085
561,-48.0,-11.0,1.0,-55.0,-58.0,25.0,41037
562,-48.0,-11.0,1.0,-55.0,-58.0,25.0,46079
563,-48.0,-11.0,1.0,-55.0,-58.0,25.0,47095
564,-36.0,-13.0,10.0,-21.0,-45.0,19.0,6033
565,-36.0,-13.0,10.0,-21.0,-45.0,19.0,8065
566,-36.0,-13.0,10.0,-21.0,-45.0,19.0,12069
567,-36.0,-13.0,10.0,-21.0,-45.0,19.0,17097
568,-36.0,-13.0,10.0,-21.0,-45.0,19.0,18089
569,-36.0,-13.0,10.0,-21.0,-45.0,19.0,26085
570,-36.0,-13.0,10.0,-21.0,-45.0,19.0,27075
571,-36.0,-13.0,10.0,-21.0,-45.0,19.0,30047
572,-36.0,-13.0,10.0,-21.0,-45.0,19.0,39085
573,-36.0,-13.0,10.0,-21.0,-45.0,19.0,41037
574,-36.0,-13.0,10.0,-21.0,-45.0,19.0,46079
575,-36.0,-13.0,10.0,-21.0,-45.0,19.0,47095
576,-39.0,-11.0,96.0,-19.0,-47.0,20.0,6033
577,-39.0,-11.0,96.0,-19.0,-47.0,20.0,8065
578,-39.0,-11.0,96.0,-19.0,-47.0,20.0,12069
579,-39.0,-11.0,96.0,-19.0,-47.0,20.0,17097
580,-39.0,-11.0,96.0,-19.0,-47.0,20.0,18089
581,-39.0,-11.0,96.0,-19.0,-47.0,20.0,26085
582,-39.0,-11.0,96.0,-19.0,-47.0,20.0,27075
583,-39.0,-11.0,96.0,-19.0,-47.0,20.0,30047
584,-39.0,-11.0,96.0,-19.0,-47.0,20.0,39085
585,-39.0,-11.0,96.0,-19.0,-47.0,20.0,41037
586,-39.0,-11.0,96.0,-19.0,-47.0,20.0,46079
587,-39.0,-11.0,96.0,-19.0,-47.0,20.0,47095
588,-49.0,-27.0,-51.0,-57.0,-55.0,26.0,6037
589,-33.0,-18.0,-39.0,-6.0,-40.0,17.0,6039
590,-52.0,-34.0,-35.0,-62.0,-64.0,28.0,6041
591,-36.0,-17.0,-32.0,-44.0,-41.0,14.0,6045
592,-34.0,-17.0,-5.0,-28.0,-41.0,16.0,6047
593,-40.0,-16.0,-40.0,-28.0,-48.0,18.0,6053
594,-44.0,-25.0,-7.0,-33.0,-51.0,20.0,6055
595,-45.0,-25.0,-29.0,-62.0,-47.0,17.0,5099
596,-45.0,-25.0,-29.0,-62.0,-47.0,17.0,6057
597,-49.0,-22.0,-39.0,-55.0,-55.0,26.0,6059
598,-49.0,-22.0,-39.0,-55.0,-55.0,26.0,12095
599,-49.0,-22.0,-39.0,-55.0,-55.0,26.0,18117
600,-49.0,-22.0,-39.0,-55.0,-55.0,26.0,36071
601,-49.0,-22.0,-39.0,-55.0,-55.0,26.0,37135
602,-49.0,-22.0,-39.0,-55.0,-55.0,26.0,48361
603,-49.0,-22.0,-39.0,-55.0,-55.0,26.0,50017
604,-49.0,-22.0,-39.0,-55.0,-55.0,26.0,51137
605,-60.0,-32.0,-38.0,-76.0,-57.0,24.0,6059
606,-60.0,-32.0,-38.0,-76.0,-57.0,24.0,12095
607,-60.0,-32.0,-38.0,-76.0,-57.0,24.0,18117
608,-60.0,-32.0,-38.0,-76.0,-57.0,24.0,36071
609,-60.0,-32.0,-38.0,-76.0,-57.0,24.0,37135
610,-60.0,-32.0,-38.0,-76.0,-57.0,24.0,48361
611,-60.0,-32.0,-38.0,-76.0,-57.0,24.0,50017
612,-60.0,-32.0,-38.0,-76.0,-57.0,24.0,51137
613,-54.0,0.0,30.0,-42.0,-58.0,26.0,6059
614,-54.0,0.0,30.0,-42.0,-58.0,26.0,12095
615,-54.0,0.0,30.0,-42.0,-58.0,26.0,18117
616,-54.0,0.0,30.0,-42.0,-58.0,26.0,36071
617,-54.0,0.0,30.0,-42.0,-58.0,26.0,37135
618,-54.0,0.0,30.0,-42.0,-58.0,26.0,48361
619,-54.0,0.0,30.0,-42.0,-58.0,26.0,50017
620,-54.0,0.0,30.0,-42.0,-58.0,26.0,51137
621,-48.0,-24.0,-3.0,-38.0,-62.0,24.0,6059
622,-48.0,-24.0,-3.0,-38.0,-62.0,24.0,12095
623,-48.0,-24.0,-3.0,-38.0,-62.0,24.0,18117
624,-48.0,-24.0,-3.0,-38.0,-62.0,24.0,36071
625,-48.0,-24.0,-3.0,-38.0,-62.0,24.0,37135
626,-48.0,-24.0,-3.0,-38.0,-62.0,24.0,48361
627,-48.0,-24.0,-3.0,-38.0,-62.0,24.0,50017
628,-48.0,-24.0,-3.0,-38.0,-62.0,24.0,51137
629,-27.0,-7.0,-45.0,-18.0,-39.0,15.0,6059
630,-27.0,-7.0,-45.0,-18.0,-39.0,15.0,12095
631,-27.0,-7.0,-45.0,-18.0,-39.0,15.0,18117
632,-27.0,-7.0,-45.0,-18.0,-39.0,15.0,36071
633,-27.0,-7.0,-45.0,-18.0,-39.0,15.0,37135
634,-27.0,-7.0,-45.0,-18.0,-39.0,15.0,48361
635,-27.0,-7.0,-45.0,-18.0,-39.0,15.0,50017
636,-27.0,-7.0,-45.0,-18.0,-39.0,15.0,51137
637,-44.0,-13.0,-3.0,-38.0,-56.0,22.0,6061
638,-44.0,-23.0,-64.0,-48.0,-51.0,22.0,6065
639,-41.0,-12.0,-14.0,-58.0,-53.0,21.0,6067
640,-44.0,-23.0,-53.0,-45.0,-47.0,21.0,6071
641,-49.0,-26.0,-64.0,-66.0,-57.0,26.0,6073
642,-72.0,-34.0,-52.0,-75.0,-78.0,35.0,6075
643,-34.0,-12.0,-18.0,-29.0,-45.0,18.0,6077
644,-50.0,-22.0,-37.0,-56.0,-51.0,21.0,6079
645,-55.0,-22.0,-21.0,-82.0,-70.0,33.0,6081
646,-47.0,-20.0,-33.0,-51.0,-51.0,20.0,6083
647,-56.0,-26.0,-14.0,-74.0,-74.0,34.0,6085
648,-33.0,-3.0,61.0,-21.0,-40.0,12.0,6089
649,-37.0,-9.0,-25.0,-42.0,-47.0,21.0,6095
650,-45.0,-20.0,-43.0,-52.0,-49.0,22.0,6097
651,-36.0,-15.0,-18.0,-30.0,-42.0,17.0,6099
652,-36.0,-14.0,-48.0,-29.0,-44.0,18.0,6107
653,-45.0,-24.0,-42.0,-41.0,-51.0,23.0,6111
654,-39.0,-16.0,-6.0,-36.0,-55.0,22.0,6113
655,-29.0,-9.0,23.0,-24.0,-45.0,16.0,6115
656,-37.0,-10.0,3.0,-25.0,-49.0,20.0,8001
657,-37.0,-10.0,3.0,-25.0,-49.0,20.0,16003
658,-37.0,-10.0,3.0,-25.0,-49.0,20.0,17001
659,-37.0,-10.0,3.0,-25.0,-49.0,20.0,18001
660,-37.0,-10.0,3.0,-25.0,-49.0,20.0,19003
661,-37.0,-10.0,3.0,-25.0,-49.0,20.0,28001
662,-37.0,-10.0,3.0,-25.0,-49.0,20.0,31001
663,-37.0,-10.0,3.0,-25.0,-49.0,20.0,38001
664,-37.0,-10.0,3.0,-25.0,-49.0,20.0,39001
665,-37.0,-10.0,3.0,-25.0,-49.0,20.0,42001
666,-37.0,-10.0,3.0,-25.0,-49.0,20.0,53001
667,-37.0,-10.0,3.0,-25.0,-49.0,20.0,55001
668,-43.0,-18.0,36.0,-42.0,-57.0,23.0,8005
669,-52.0,-26.0,27.0,-56.0,-67.0,26.0,8013
670,-53.0,-18.0,13.0,-71.0,-60.0,24.0,8031
671,-45.0,-20.0,30.0,-48.0,-67.0,27.0,8035
672,-45.0,-20.0,30.0,-48.0,-67.0,27.0,13097
673,-45.0,-20.0,30.0,-48.0,-67.0,27.0,17041
674,-45.0,-20.0,30.0,-48.0,-67.0,27.0,20045
675,-45.0,-20.0,30.0,-48.0,-67.0,27.0,27041
676,-45.0,-20.0,30.0,-48.0,-67.0,27.0,29067
677,-45.0,-20.0,30.0,-48.0,-67.0,27.0,31055
678,-45.0,-20.0,30.0,-48.0,-67.0,27.0,32005
679,-45.0,-20.0,30.0,-48.0,-67.0,27.0,41019
680,-45.0,-20.0,30.0,-48.0,-67.0,27.0,46043
681,-45.0,-20.0,30.0,-48.0,-67.0,27.0,53017
682,-45.0,-20.0,30.0,-48.0,-67.0,27.0,55031
683,-33.0,-18.0,8.0,-14.0,-49.0,21.0,8035
684,-33.0,-18.0,8.0,-14.0,-49.0,21.0,13097
685,-33.0,-18.0,8.0,-14.0,-49.0,21.0,17041
686,-33.0,-18.0,8.0,-14.0,-49.0,21.0,20045
687,-33.0,-18.0,8.0,-14.0,-49.0,21.0,27041
688,-33.0,-18.0,8.0,-14.0,-49.0,21.0,29067
689,-33.0,-18.0,8.0,-14.0,-49.0,21.0,31055
690,-33.0,-18.0,8.0,-14.0,-49.0,21.0,32005
691,-33.0,-18.0,8.0,-14.0,-49.0,21.0,41019
692,-33.0,-18.0,8.0,-14.0,-49.0,21.0,46043
693,-33.0,-18.0,8.0,-14.0,-49.0,21.0,53017
694,-33.0,-18.0,8.0,-14.0,-49.0,21.0,55031
695,-40.0,-14.0,103.0,-18.0,-56.0,21.0,8035
696,-40.0,-14.0,103.0,-18.0,-56.0,21.0,13097
697,-40.0,-14.0,103.0,-18.0,-56.0,21.0,17041
698,-40.0,-14.0,103.0,-18.0,-56.0,21.0,20045
699,-40.0,-14.0,103.0,-18.0,-56.0,21.0,27041
700,-40.0,-14.0,103.0,-18.0,-56.0,21.0,29067
701,-40.0,-14.0,103.0,-18.0,-56.0,21.0,31055
702,-40.0,-14.0,103.0,-18.0,-56.0,21.0,32005
703,-40.0,-14.0,103.0,-18.0,-56.0,21.0,41019
704,-40.0,-14.0,103.0,-18.0,-56.0,21.0,46043
705,-40.0,-14.0,103.0,-18.0,-56.0,21.0,53017
706,-40.0,-14.0,103.0,-18.0,-56.0,21.0,55031
707,-37.0,1.0,22.0,-35.0,-48.0,19.0,8035
708,-37.0,1.0,22.0,-35.0,-48.0,19.0,13097
709,-37.0,1.0,22.0,-35.0,-48.0,19.0,17041
710,-37.0,1.0,22.0,-35.0,-48.0,19.0,20045
711,-37.0,1.0,22.0,-35.0,-48.0,19.0,27041
712,-37.0,1.0,22.0,-35.0,-48.0,19.0,29067
713,-37.0,1.0,22.0,-35.0,-48.0,19.0,31055
714,-37.0,1.0,22.0,-35.0,-48.0,19.0,32005
715,-37.0,1.0,22.0,-35.0,-48.0,19.0,41019
716,-37.0,1.0,22.0,-35.0,-48.0,19.0,46043
717,-37.0,1.0,22.0,-35.0,-48.0,19.0,53017
718,-37.0,1.0,22.0,-35.0,-48.0,19.0,55031
719,-27.0,1.0,18.0,-3.0,-35.0,10.0,8035
720,-27.0,1.0,18.0,-3.0,-35.0,10.0,13097
721,-27.0,1.0,18.0,-3.0,-35.0,10.0,17041
722,-27.0,1.0,18.0,-3.0,-35.0,10.0,20045
723,-27.0,1.0,18.0,-3.0,-35.0,10.0,27041
724,-27.0,1.0,18.0,-3.0,-35.0,10.0,29067
725,-27.0,1.0,18.0,-3.0,-35.0,10.0,31055
726,-27.0,1.0,18.0,-3.0,-35.0,10.0,32005
727,-27.0,1.0,18.0,-3.0,-35.0,10.0,41019
728,-27.0,1.0,18.0,-3.0,-35.0,10.0,46043
729,-27.0,1.0,18.0,-3.0,-35.0,10.0,53017
730,-27.0,1.0,18.0,-3.0,-35.0,10.0,55031
731,-34.0,-13.0,48.0,-40.0,-55.0,20.0,8041
732,-34.0,-13.0,48.0,-40.0,-55.0,20.0,48141
733,-44.0,-16.0,-63.0,-35.0,-49.0,23.0,8041
734,-44.0,-16.0,-63.0,-35.0,-49.0,23.0,48141
735,-39.0,-21.0,40.0,-34.0,-46.0,19.0,8045
736,-39.0,-21.0,40.0,-34.0,-46.0,19.0,30033
737,-39.0,-21.0,40.0,-34.0,-46.0,19.0,31071
738,-39.0,-21.0,40.0,-34.0,-46.0,19.0,40047
739,-39.0,-21.0,40.0,-34.0,-46.0,19.0,49017
740,-39.0,-21.0,40.0,-34.0,-46.0,19.0,53023
741,-26.0,-1.0,6.0,-5.0,-31.0,10.0,8045
742,-26.0,-1.0,6.0,-5.0,-31.0,10.0,30033
743,-26.0,-1.0,6.0,-5.0,-31.0,10.0,31071
744,-26.0,-1.0,6.0,-5.0,-31.0,10.0,40047
745,-26.0,-1.0,6.0,-5.0,-31.0,10.0,49017
746,-26.0,-1.0,6.0,-5.0,-31.0,10.0,53023
747,-43.0,-15.0,31.0,-34.0,-55.0,21.0,8069
748,-31.0,-12.0,91.0,-20.0,-42.0,14.0,8077
749,-34.0,-9.0,-40.0,-19.0,-43.0,14.0,8101
750,-35.0,-13.0,19.0,-20.0,-49.0,19.0,8123
751,-50.0,-20.0,-3.0,-66.0,-61.0,26.0,9001
752,-50.0,-20.0,-3.0,-66.0,-61.0,26.0,39045
753,-50.0,-20.0,-3.0,-66.0,-61.0,26.0,45039
754,-46.0,-13.0,-1.0,-55.0,-53.0,23.0,9003
755,-45.0,-17.0,26.0,-51.0,-54.0,23.0,9007
756,-45.0,-17.0,26.0,-51.0,-54.0,23.0,25017
757,-45.0,-17.0,26.0,-51.0,-54.0,23.0,34023
758,-45.0,-17.0,26.0,-51.0,-54.0,23.0,51119
759,-55.0,-27.0,-22.0,-76.0,-70.0,32.0,9007
760,-55.0,-27.0,-22.0,-76.0,-70.0,32.0,25017
761,-55.0,-27.0,-22.0,-76.0,-70.0,32.0,34023
762,-55.0,-27.0,-22.0,-76.0,-70.0,32.0,51119
763,-64.0,-3.0,-5.0,-69.0,-65.0,30.0,9007
764,-64.0,-3.0,-5.0,-69.0,-65.0,30.0,25017
765,-64.0,-3.0,-5.0,-69.0,-65.0,30.0,34023
766,-64.0,-3.0,-5.0,-69.0,-65.0,30.0,51119
767,-44.0,-17.0,-17.0,-44.0,-53.0,22.0,9009
768,-46.0,-17.0,0.0,-45.0,-49.0,21.0,9011
769,-34.0,-13.0,-13.0,-53.0,-45.0,19.0,9015
770,-34.0,-13.0,-13.0,-53.0,-45.0,19.0,50025
771,-33.0,-19.0,41.0,-36.0,-46.0,18.0,10001
772,-33.0,-19.0,41.0,-36.0,-46.0,18.0,24029
773,-33.0,-19.0,41.0,-36.0,-46.0,18.0,26081
774,-33.0,-19.0,41.0,-36.0,-46.0,18.0,44003
775,-33.0,-19.0,41.0,-36.0,-46.0,18.0,48263
776,-55.0,-19.0,55.0,-63.0,-60.0,26.0,10001
777,-55.0,-19.0,55.0,-63.0,-60.0,26.0,24029
778,-55.0,-19.0,55.0,-63.0,-60.0,26.0,26081
779,-55.0,-19.0,55.0,-63.0,-60.0,26.0,44003
780,-55.0,-19.0,55.0,-63.0,-60.0,26.0,48263
781,-45.0,-15.0,-11.0,-66.0,-52.0,22.0,10001
782,-45.0,-15.0,-11.0,-66.0,-52.0,22.0,24029
783,-45.0,-15.0,-11.0,-66.0,-52.0,22.0,26081
784,-45.0,-15.0,-11.0,-66.0,-52.0,22.0,44003
785,-45.0,-15.0,-11.0,-66.0,-52.0,22.0,48263
786,-40.0,-23.0,42.0,-47.0,-55.0,22.0,10003
787,-34.0,-12.0,27.0,-28.0,-39.0,15.0,10005
788,-34.0,-12.0,27.0,-28.0,-39.0,15.0,34037
789,-34.0,-12.0,27.0,-28.0,-39.0,15.0,51183
790,-48.0,-14.0,11.0,-29.0,-58.0,27.0,10005
791,-48.0,-14.0,11.0,-29.0,-58.0,27.0,34037
792,-48.0,-14.0,11.0,-29.0,-58.0,27.0,51183
793,-47.0,-26.0,-22.0,-47.0,-51.0,22.0,12001
794,-40.0,-19.0,-25.0,-50.0,-40.0,15.0,12005
795,-40.0,-19.0,-25.0,-50.0,-40.0,15.0,26017
796,-43.0,-21.0,-24.0,-28.0,-48.0,17.0,12009
797,-47.0,-23.0,-58.0,-68.0,-53.0,26.0,12011
798,-50.0,-24.0,-41.0,-30.0,-43.0,14.0,12015
799,-50.0,-24.0,-41.0,-30.0,-43.0,14.0,51037
800,-53.0,-32.0,-67.0,-41.0,-46.0,19.0,12021
801,-40.0,-2.0,-43.0,-28.0,-34.0,13.0,5027
802,-40.0,-2.0,-43.0,-28.0,-34.0,13.0,12023
803,-40.0,-2.0,-43.0,-28.0,-34.0,13.0,13073
804,-40.0,-2.0,-43.0,-28.0,-34.0,13.0,36021
805,-40.0,-2.0,-43.0,-28.0,-34.0,13.0,41009
806,-40.0,-2.0,-43.0,-28.0,-34.0,13.0,42037
807,-40.0,-2.0,-43.0,-28.0,-34.0,13.0,53013
808,-40.0,-2.0,-43.0,-28.0,-34.0,13.0,55021
809,-34.0,-7.0,4.0,-25.0,-55.0,22.0,5027
810,-34.0,-7.0,4.0,-25.0,-55.0,22.0,12023
811,-34.0,-7.0,4.0,-25.0,-55.0,22.0,13073
812,-34.0,-7.0,4.0,-25.0,-55.0,22.0,36021
813,-34.0,-7.0,4.0,-25.0,-55.0,22.0,41009
814,-34.0,-7.0,4.0,-25.0,-55.0,22.0,42037
815,-34.0,-7.0,4.0,-25.0,-55.0,22.0,53013
816,-34.0,-7.0,4.0,-25.0,-55.0,22.0,55021
817,-39.0,-15.0,-34.0,-40.0,-48.0,20.0,12031
818,-39.0,-15.0,-34.0,-40.0,-48.0,20.0,48131
819,-36.0,-10.0,-7.0,-41.0,-42.0,15.0,1053
820,-36.0,-10.0,-7.0,-41.0,-42.0,15.0,12033
821,-39.0,-16.0,-43.0,-44.0,-44.0,15.0,12053
822,-43.0,-23.0,-38.0,-63.0,-52.0,22.0,12057
823,-43.0,-23.0,-38.0,-63.0,-52.0,22.0,33011
824,-46.0,-17.0,39.0,-40.0,-52.0,23.0,12057
825,-46.0,-17.0,39.0,-40.0,-52.0,23.0,33011
826,-47.0,-23.0,-40.0,-37.0,-43.0,16.0,12061
827,-51.0,-27.0,-66.0,-65.0,-46.0,18.0,1081
828,-51.0,-27.0,-66.0,-65.0,-46.0,18.0,5077
829,-51.0,-27.0,-66.0,-65.0,-46.0,18.0,12071
830,-51.0,-27.0,-66.0,-65.0,-46.0,18.0,13177
831,-51.0,-27.0,-66.0,-65.0,-46.0,18.0,17103
832,-51.0,-27.0,-66.0,-65.0,-46.0,18.0,19111
833,-51.0,-27.0,-66.0,-65.0,-46.0,18.0,21129
834,-51.0,-27.0,-66.0,-65.0,-46.0,18.0,28081
835,-51.0,-27.0,-66.0,-65.0,-46.0,18.0,37105
836,-51.0,-27.0,-66.0,-65.0,-46.0,18.0,45061
837,-51.0,-27.0,-66.0,-65.0,-46.0,18.0,48287
838,-51.0,-27.0,-66.0,-65.0,-46.0,18.0,51105
839,-45.0,-21.0,-16.0,-60.0,-55.0,23.0,12073
840,-45.0,-21.0,-16.0,-60.0,-55.0,23.0,48289
841,-47.0,-22.0,-34.0,-57.0,-44.0,17.0,12081
842,-40.0,-17.0,-36.0,-12.0,-38.0,15.0,1093
843,-40.0,-17.0,-36.0,-12.0,-38.0,15.0,5089
844,-40.0,-17.0,-36.0,-12.0,-38.0,15.0,12083
845,-40.0,-17.0,-36.0,-12.0,-38.0,15.0,13197
846,-40.0,-17.0,-36.0,-12.0,-38.0,15.0,17121
847,-40.0,-17.0,-36.0,-12.0,-38.0,15.0,18097
848,-40.0,-17.0,-36.0,-12.0,-38.0,15.0,19125
849,-40.0,-17.0,-36.0,-12.0,-38.0,15.0,20115
850,-40.0,-17.0,-36.0,-12.0,-38.0,15.0,21155
851,-40.0,-17.0,-36.0,-12.0,-38.0,15.0,28091
852,-40.0,-17.0,-36.0,-12.0,-38.0,15.0,29127
853,-40.0,-17.0,-36.0,-12.0,-38.0,15.0,39101
854,-40.0,-17.0,-36.0,-12.0,-38.0,15.0,41047
855,-40.0,-17.0,-36.0,-12.0,-38.0,15.0,45067
856,-40.0,-17.0,-36.0,-12.0,-38.0,15.0,47115
857,-40.0,-17.0,-36.0,-12.0,-38.0,15.0,48315
858,-40.0,-17.0,-36.0,-12.0,-38.0,15.0,54049
859,-40.0,-13.0,32.0,-38.0,-51.0,18.0,1093
860,-40.0,-13.0,32.0,-38.0,-51.0,18.0,5089
861,-40.0,-13.0,32.0,-38.0,-51.0,18.0,12083
862,-40.0,-13.0,32.0,-38.0,-51.0,18.0,13197
863,-40.0,-13.0,32.0,-38.0,-51.0,18.0,17121
864,-40.0,-13.0,32.0,-38.0,-51.0,18.0,18097
865,-40.0,-13.0,32.0,-38.0,-51.0,18.0,19125
866,-40.0,-13.0,32.0,-38.0,-51.0,18.0,20115
867,-40.0,-13.0,32.0,-38.0,-51.0,18.0,21155
868,-40.0,-13.0,32.0,-38.0,-51.0,18.0,28091
869,-40.0,-13.0,32.0,-38.0,-51.0,18.0,29127
870,-40.0,-13.0,32.0,-38.0,-51.0,18.0,39101
871,-40.0,-13.0,32.0,-38.0,-51.0,18.0,41047
872,-40.0,-13.0,32.0,-38.0,-51.0,18.0,45067
873,-40.0,-13.0,32.0,-38.0,-51.0,18.0,47115
874,-40.0,-13.0,32.0,-38.0,-51.0,18.0,48315
875,-40.0,-13.0,32.0,-38.0,-51.0,18.0,54049
876,-36.0,-8.0,57.0,-18.0,-43.0,15.0,1093
877,-36.0,-8.0,57.0,-18.0,-43.0,15.0,5089
878,-36.0,-8.0,57.0,-18.0,-43.0,15.0,12083
879,-36.0,-8.0,57.0,-18.0,-43.0,15.0,13197
880,-36.0,-8.0,57.0,-18.0,-43.0,15.0,17121
881,-36.0,-8.0,57.0,-18.0,-43.0,15.0,18097
882,-36.0,-8.0,57.0,-18.0,-43.0,15.0,19125
883,-36.0,-8.0,57.0,-18.0,-43.0,15.0,20115
884,-36.0,-8.0,57.0,-18.0,-43.0,15.0,21155
885,-36.0,-8.0,57.0,-18.0,-43.0,15.0,28091
886,-36.0,-8.0,57.0,-18.0,-43.0,15.0,29127
887,-36.0,-8.0,57.0,-18.0,-43.0,15.0,39101
888,-36.0,-8.0,57.0,-18.0,-43.0,15.0,41047
889,-36.0,-8.0,57.0,-18.0,-43.0,15.0,45067
890,-36.0,-8.0,57.0,-18.0,-43.0,15.0,47115
891,-36.0,-8.0,57.0,-18.0,-43.0,15.0,48315
892,-36.0,-8.0,57.0,-18.0,-43.0,15.0,54049
893,-48.0,-26.0,-27.0,-42.0,-45.0,18.0,12085
894,-48.0,-26.0,-27.0,-42.0,-45.0,18.0,18101
895,-48.0,-26.0,-27.0,-42.0,-45.0,18.0,21159
896,-48.0,-26.0,-27.0,-42.0,-45.0,18.0,27091
897,-48.0,-26.0,-27.0,-42.0,-45.0,18.0,37117
898,-48.0,-26.0,-27.0,-42.0,-45.0,18.0,48317
899,-52.0,-30.0,-70.0,-65.0,-53.0,27.0,12086
900,-70.0,-45.0,-71.0,-66.0,-49.0,18.0,1099
901,-70.0,-45.0,-71.0,-66.0,-49.0,18.0,5095
902,-70.0,-45.0,-71.0,-66.0,-49.0,18.0,12087
903,-70.0,-45.0,-71.0,-66.0,-49.0,18.0,13207
904,-70.0,-45.0,-71.0,-66.0,-49.0,18.0,17133
905,-70.0,-45.0,-71.0,-66.0,-49.0,18.0,18105
906,-70.0,-45.0,-71.0,-66.0,-49.0,18.0,19135
907,-70.0,-45.0,-71.0,-66.0,-49.0,18.0,21171
908,-70.0,-45.0,-71.0,-66.0,-49.0,18.0,26115
909,-70.0,-45.0,-71.0,-66.0,-49.0,18.0,28095
910,-70.0,-45.0,-71.0,-66.0,-49.0,18.0,29137
911,-70.0,-45.0,-71.0,-66.0,-49.0,18.0,36055
912,-70.0,-45.0,-71.0,-66.0,-49.0,18.0,39111
913,-70.0,-45.0,-71.0,-66.0,-49.0,18.0,42089
914,-70.0,-45.0,-71.0,-66.0,-49.0,18.0,47123
915,-70.0,-45.0,-71.0,-66.0,-49.0,18.0,54063
916,-70.0,-45.0,-71.0,-66.0,-49.0,18.0,55081
917,-44.0,-14.0,103.0,-27.0,-55.0,21.0,1099
918,-44.0,-14.0,103.0,-27.0,-55.0,21.0,5095
919,-44.0,-14.0,103.0,-27.0,-55.0,21.0,12087
920,-44.0,-14.0,103.0,-27.0,-55.0,21.0,13207
921,-44.0,-14.0,103.0,-27.0,-55.0,21.0,17133
922,-44.0,-14.0,103.0,-27.0,-55.0,21.0,18105
923,-44.0,-14.0,103.0,-27.0,-55.0,21.0,19135
924,-44.0,-14.0,103.0,-27.0,-55.0,21.0,21171
925,-44.0,-14.0,103.0,-27.0,-55.0,21.0,26115
926,-44.0,-14.0,103.0,-27.0,-55.0,21.0,28095
927,-44.0,-14.0,103.0,-27.0,-55.0,21.0,29137
928,-44.0,-14.0,103.0,-27.0,-55.0,21.0,36055
929,-44.0,-14.0,103.0,-27.0,-55.0,21.0,39111
930,-44.0,-14.0,103.0,-27.0,-55.0,21.0,42089
931,-44.0,-14.0,103.0,-27.0,-55.0,21.0,47123
932,-44.0,-14.0,103.0,-27.0,-55.0,21.0,54063
933,-44.0,-14.0,103.0,-27.0,-55.0,21.0,55081
934,-53.0,5.0,51.0,-42.0,-57.0,23.0,1099
935,-53.0,5.0,51.0,-42.0,-57.0,23.0,5095
936,-53.0,5.0,51.0,-42.0,-57.0,23.0,12087
937,-53.0,5.0,51.0,-42.0,-57.0,23.0,13207
938,-53.0,5.0,51.0,-42.0,-57.0,23.0,17133
939,-53.0,5.0,51.0,-42.0,-57.0,23.0,18105
940,-53.0,5.0,51.0,-42.0,-57.0,23.0,19135
941,-53.0,5.0,51.0,-42.0,-57.0,23.0,21171
942,-53.0,5.0,51.0,-42.0,-57.0,23.0,26115
943,-53.0,5.0,51.0,-42.0,-57.0,23.0,28095
944,-53.0,5.0,51.0,-42.0,-57.0,23.0,29137
945,-53.0,5.0,51.0,-42.0,-57.0,23.0,36055
946,-53.0,5.0,51.0,-42.0,-57.0,23.0,39111
947,-53.0,5.0,51.0,-42.0,-57.0,23.0,42089
948,-53.0,5.0,51.0,-42.0,-57.0,23.0,47123
949,-53.0,5.0,51.0,-42.0,-57.0,23.0,54063
950,-53.0,5.0,51.0,-42.0,-57.0,23.0,55081
951,-46.0,-14.0,-14.0,-72.0,-56.0,23.0,1099
952,-46.0,-14.0,-14.0,-72.0,-56.0,23.0,5095
953,-46.0,-14.0,-14.0,-72.0,-56.0,23.0,12087
954,-46.0,-14.0,-14.0,-72.0,-56.0,23.0,13207
955,-46.0,-14.0,-14.0,-72.0,-56.0,23.0,17133
956,-46.0,-14.0,-14.0,-72.0,-56.0,23.0,18105
957,-46.0,-14.0,-14.0,-72.0,-56.0,23.0,19135
958,-46.0,-14.0,-14.0,-72.0,-56.0,23.0,21171
959,-46.0,-14.0,-14.0,-72.0,-56.0,23.0,26115
960,-46.0,-14.0,-14.0,-72.0,-56.0,23.0,28095
961,-46.0,-14.0,-14.0,-72.0,-56.0,23.0,29137
962,-46.0,-14.0,-14.0,-72.0,-56.0,23.0,36055
963,-46.0,-14.0,-14.0,-72.0,-56.0,23.0,39111
964,-46.0,-14.0,-14.0,-72.0,-56.0,23.0,42089
965,-46.0,-14.0,-14.0,-72.0,-56.0,23.0,47123
966,-46.0,-14.0,-14.0,-72.0,-56.0,23.0,54063
967,-46.0,-14.0,-14.0,-72.0,-56.0,23.0,55081
968,-40.0,-16.0,-26.0,-51.0,-44.0,17.0,12091
969,-39.0,-12.0,-36.0,-77.0,-33.0,12.0,12093
970,-54.0,-29.0,-48.0,-58.0,-56.0,24.0,12097
971,-54.0,-29.0,-48.0,-58.0,-56.0,24.0,19143
972,-54.0,-29.0,-48.0,-58.0,-56.0,24.0,26133
973,-48.0,-25.0,-63.0,-59.0,-49.0,23.0,12099
974,-39.0,-22.0,-41.0,-21.0,-47.0,18.0,12101
975,-48.0,-22.0,-11.0,-36.0,-49.0,19.0,12103
976,-38.0,-18.0,-35.0,-24.0,-43.0,17.0,5113
977,-38.0,-18.0,-35.0,-24.0,-43.0,17.0,12105
978,-38.0,-18.0,-35.0,-24.0,-43.0,17.0,13233
979,-38.0,-18.0,-35.0,-24.0,-43.0,17.0,19153
980,-38.0,-18.0,-35.0,-24.0,-43.0,17.0,27119
981,-38.0,-18.0,-35.0,-24.0,-43.0,17.0,29167
982,-38.0,-18.0,-35.0,-24.0,-43.0,17.0,31143
983,-38.0,-18.0,-35.0,-24.0,-43.0,17.0,37149
984,-38.0,-18.0,-35.0,-24.0,-43.0,17.0,41053
985,-38.0,-18.0,-35.0,-24.0,-43.0,17.0,47139
986,-38.0,-18.0,-35.0,-24.0,-43.0,17.0,48373
987,-38.0,-18.0,-35.0,-24.0,-43.0,17.0,55095
988,-42.0,-3.0,70.0,-33.0,-51.0,19.0,5113
989,-42.0,-3.0,70.0,-33.0,-51.0,19.0,12105
990,-42.0,-3.0,70.0,-33.0,-51.0,19.0,13233
991,-42.0,-3.0,70.0,-33.0,-51.0,19.0,19153
992,-42.0,-3.0,70.0,-33.0,-51.0,19.0,27119
993,-42.0,-3.0,70.0,-33.0,-51.0,19.0,29167
994,-42.0,-3.0,70.0,-33.0,-51.0,19.0,31143
995,-42.0,-3.0,70.0,-33.0,-51.0,19.0,37149
996,-42.0,-3.0,70.0,-33.0,-51.0,19.0,41053
997,-42.0,-3.0,70.0,-33.0,-51.0,19.0,47139
998,-42.0,-3.0,70.0,-33.0,-51.0,19.0,48373
999,-42.0,-3.0,70.0,-33.0,-51.0,19.0,55095
1000,-53.0,-30.0,-57.0,-29.0,-45.0,17.0,12115
1001,-44.0,-23.0,-22.0,-52.0,-57.0,24.0,12117
1002,-44.0,-23.0,-22.0,-52.0,-57.0,24.0,13253
1003,-44.0,-23.0,-22.0,-52.0,-57.0,24.0,40133
1004,-44.0,-10.0,-44.0,-27.0,-54.0,20.0,12109
1005,-40.0,-16.0,-35.0,-38.0,-44.0,18.0,12111
1006,-52.0,-21.0,-41.0,-28.0,-42.0,13.0,1119
1007,-52.0,-21.0,-41.0,-28.0,-42.0,13.0,12119
1008,-52.0,-21.0,-41.0,-28.0,-42.0,13.0,13261
1009,-52.0,-21.0,-41.0,-28.0,-42.0,13.0,45085
1010,-44.0,-18.0,-24.0,-37.0,-46.0,17.0,12127
1011,-43.0,-21.0,-27.0,-23.0,-40.0,14.0,12131
1012,-43.0,-21.0,-27.0,-23.0,-40.0,14.0,13297
1013,-37.0,2.0,34.0,-15.0,-45.0,17.0,13015
1014,-41.0,-16.0,-7.0,-22.0,-45.0,18.0,1007
1015,-41.0,-16.0,-7.0,-22.0,-45.0,18.0,13021
1016,-37.0,4.0,-30.0,-23.0,-42.0,17.0,13039
1017,-37.0,4.0,-30.0,-23.0,-42.0,17.0,29029
1018,-37.0,4.0,-30.0,-23.0,-42.0,17.0,34007
1019,-37.0,4.0,-30.0,-23.0,-42.0,17.0,37029
1020,-53.0,-8.0,-5.0,-59.0,-56.0,23.0,13039
1021,-53.0,-8.0,-5.0,-59.0,-56.0,23.0,29029
1022,-53.0,-8.0,-5.0,-59.0,-56.0,23.0,34007
1023,-53.0,-8.0,-5.0,-59.0,-56.0,23.0,37029
1024,-32.0,-10.0,-7.0,-12.0,-46.0,18.0,5015
1025,-32.0,-10.0,-7.0,-12.0,-46.0,18.0,13045
1026,-32.0,-10.0,-7.0,-12.0,-46.0,18.0,17015
1027,-32.0,-10.0,-7.0,-12.0,-46.0,18.0,18015
1028,-32.0,-10.0,-7.0,-12.0,-46.0,18.0,19027
1029,-32.0,-10.0,-7.0,-12.0,-46.0,18.0,21041
1030,-32.0,-10.0,-7.0,-12.0,-46.0,18.0,24013
1031,-32.0,-10.0,-7.0,-12.0,-46.0,18.0,28015
1032,-32.0,-10.0,-7.0,-12.0,-46.0,18.0,29033
1033,-32.0,-10.0,-7.0,-12.0,-46.0,18.0,33003
1034,-32.0,-10.0,-7.0,-12.0,-46.0,18.0,39019
1035,-32.0,-10.0,-7.0,-12.0,-46.0,18.0,47017
1036,-32.0,-10.0,-7.0,-12.0,-46.0,18.0,51035
1037,-39.0,-18.0,47.0,-60.0,-55.0,24.0,5015
1038,-39.0,-18.0,47.0,-60.0,-55.0,24.0,13045
1039,-39.0,-18.0,47.0,-60.0,-55.0,24.0,17015
1040,-39.0,-18.0,47.0,-60.0,-55.0,24.0,18015
1041,-39.0,-18.0,47.0,-60.0,-55.0,24.0,19027
1042,-39.0,-18.0,47.0,-60.0,-55.0,24.0,21041
1043,-39.0,-18.0,47.0,-60.0,-55.0,24.0,24013
1044,-39.0,-18.0,47.0,-60.0,-55.0,24.0,28015
1045,-39.0,-18.0,47.0,-60.0,-55.0,24.0,29033
1046,-39.0,-18.0,47.0,-60.0,-55.0,24.0,33003
1047,-39.0,-18.0,47.0,-60.0,-55.0,24.0,39019
1048,-39.0,-18.0,47.0,-60.0,-55.0,24.0,47017
1049,-39.0,-18.0,47.0,-60.0,-55.0,24.0,51035
1050,-41.0,-19.0,-33.0,-42.0,-47.0,19.0,13051
1051,-41.0,-19.0,-33.0,-42.0,-47.0,19.0,37037
1052,-45.0,-20.0,-31.0,-41.0,-54.0,21.0,1025
1053,-45.0,-20.0,-31.0,-41.0,-54.0,21.0,13059
1054,-45.0,-20.0,-31.0,-41.0,-54.0,21.0,19039
1055,-45.0,-20.0,-31.0,-41.0,-54.0,21.0,28023
1056,-45.0,-20.0,-31.0,-41.0,-54.0,21.0,51043
1057,-31.0,-14.0,-13.0,-81.0,-47.0,20.0,13063
1058,-31.0,-14.0,-13.0,-81.0,-47.0,20.0,19043
1059,-45.0,-18.0,-43.0,-41.0,-61.0,25.0,13067
1060,-43.0,-19.0,26.0,-48.0,-59.0,24.0,1049
1061,-43.0,-19.0,26.0,-48.0,-59.0,24.0,13089
1062,-43.0,-19.0,26.0,-48.0,-59.0,24.0,17037
1063,-43.0,-19.0,26.0,-48.0,-59.0,24.0,18033
1064,-43.0,-19.0,26.0,-48.0,-59.0,24.0,29063
1065,-43.0,-19.0,26.0,-48.0,-59.0,24.0,47041
1066,-51.0,-22.0,-45.0,-55.0,-64.0,25.0,5049
1067,-51.0,-22.0,-45.0,-55.0,-64.0,25.0,13121
1068,-51.0,-22.0,-45.0,-55.0,-64.0,25.0,17057
1069,-51.0,-22.0,-45.0,-55.0,-64.0,25.0,18049
1070,-51.0,-22.0,-45.0,-55.0,-64.0,25.0,21075
1071,-51.0,-22.0,-45.0,-55.0,-64.0,25.0,36035
1072,-51.0,-22.0,-45.0,-55.0,-64.0,25.0,39051
1073,-51.0,-22.0,-45.0,-55.0,-64.0,25.0,42057
1074,-42.0,-4.0,-19.0,-31.0,-46.0,17.0,13127
1075,-43.0,-17.0,18.0,-45.0,-56.0,24.0,13135
1076,-38.0,-12.0,-31.0,-23.0,-40.0,17.0,1085
1077,-38.0,-12.0,-31.0,-23.0,-40.0,17.0,13185
1078,-38.0,-12.0,-31.0,-23.0,-40.0,17.0,28087
1079,-42.0,-14.0,-15.0,-59.0,-48.0,19.0,13215
1080,-37.0,-11.0,-3.0,-38.0,-48.0,17.0,13245
1081,-37.0,-11.0,-3.0,-38.0,-48.0,17.0,36085
1082,-37.0,-11.0,-3.0,-38.0,-48.0,17.0,37153
1083,-37.0,-11.0,-3.0,-38.0,-48.0,17.0,51159
1084,-60.0,-3.0,-22.0,-67.0,-65.0,29.0,13245
1085,-60.0,-3.0,-22.0,-67.0,-65.0,29.0,36085
1086,-60.0,-3.0,-22.0,-67.0,-65.0,29.0,37153
1087,-60.0,-3.0,-22.0,-67.0,-65.0,29.0,51159
1088,-51.0,-30.0,-75.0,-78.0,-45.0,17.0,15001
1089,-49.0,-28.0,-61.0,-66.0,-52.0,25.0,15003
1090,-65.0,-45.0,-70.0,-81.0,-47.0,21.0,15007
1091,-61.0,-33.0,-75.0,-82.0,-51.0,22.0,15009
1092,-40.0,-12.0,76.0,-48.0,-55.0,20.0,16001
1093,-31.0,1.0,120.0,-12.0,-43.0,15.0,16019
1094,-28.0,-1.0,86.0,-15.0,-44.0,15.0,16027
1095,-31.0,-3.0,198.0,-2.0,-43.0,14.0,16055
1096,-45.0,-19.0,85.0,-33.0,-57.0,21.0,17019
1097,-45.0,-19.0,85.0,-33.0,-57.0,21.0,39021
1098,-48.0,-19.0,-29.0,-63.0,-58.0,24.0,13075
1099,-48.0,-19.0,-29.0,-63.0,-58.0,24.0,17031
1100,-48.0,-19.0,-29.0,-63.0,-58.0,24.0,27031
1101,-51.0,-18.0,-9.0,-62.0,-59.0,26.0,17043
1102,-46.0,-15.0,27.0,-40.0,-51.0,22.0,17089
1103,-46.0,-15.0,27.0,-40.0,-51.0,22.0,49025
1104,-43.0,-8.0,24.0,-70.0,-52.0,23.0,17111
1105,-43.0,-8.0,24.0,-70.0,-52.0,23.0,38049
1106,-48.0,-15.0,25.0,-25.0,-61.0,24.0,17113
1107,-48.0,-15.0,25.0,-25.0,-61.0,24.0,21149
1108,-48.0,-15.0,25.0,-25.0,-61.0,24.0,38055
1109,-43.0,-3.0,23.0,-27.0,-48.0,18.0,17143
1110,-44.0,10.0,-28.0,-35.0,-44.0,17.0,17161
1111,-41.0,-10.0,46.0,-25.0,-54.0,19.0,17167
1112,-35.0,-5.0,48.0,-17.0,-49.0,18.0,1115
1113,-35.0,-5.0,48.0,-17.0,-49.0,18.0,17163
1114,-35.0,-5.0,48.0,-17.0,-49.0,18.0,26147
1115,-35.0,-5.0,48.0,-17.0,-49.0,18.0,29185
1116,-42.0,-15.0,59.0,-36.0,-62.0,22.0,1115
1117,-42.0,-15.0,59.0,-36.0,-62.0,22.0,17163
1118,-42.0,-15.0,59.0,-36.0,-62.0,22.0,26147
1119,-42.0,-15.0,59.0,-36.0,-62.0,22.0,29185
1120,-40.0,-10.0,16.0,-28.0,-53.0,22.0,17197
1121,-39.0,-10.0,25.0,-17.0,-43.0,18.0,17201
1122,-39.0,-10.0,25.0,-17.0,-43.0,18.0,19189
1123,-39.0,-10.0,25.0,-17.0,-43.0,18.0,55139
1124,-47.0,-20.0,67.0,-25.0,-43.0,19.0,17201
1125,-47.0,-20.0,67.0,-25.0,-43.0,19.0,19189
1126,-47.0,-20.0,67.0,-25.0,-43.0,19.0,55139
1127,-36.0,-18.0,116.0,-28.0,-48.0,19.0,18003
1128,-36.0,-18.0,116.0,-28.0,-48.0,19.0,20001
1129,-36.0,-18.0,116.0,-28.0,-48.0,19.0,21003
1130,-36.0,-18.0,116.0,-28.0,-48.0,19.0,39003
1131,-35.0,-10.0,35.0,-22.0,-37.0,15.0,18091
1132,-42.0,-14.0,82.0,-28.0,-45.0,19.0,18127
1133,-45.0,6.0,-2.0,-53.0,-46.0,19.0,19061
1134,-44.0,3.0,57.0,-37.0,-50.0,21.0,19113
1135,-44.0,3.0,57.0,-37.0,-50.0,21.0,20107
1136,-44.0,3.0,57.0,-37.0,-50.0,21.0,29115
1137,-44.0,3.0,57.0,-37.0,-50.0,21.0,41043
1138,-25.0,-4.0,64.0,-6.0,-42.0,14.0,19113
1139,-25.0,-4.0,64.0,-6.0,-42.0,14.0,20107
1140,-25.0,-4.0,64.0,-6.0,-42.0,14.0,29115
1141,-25.0,-4.0,64.0,-6.0,-42.0,14.0,41043
1142,-39.0,-9.0,59.0,-11.0,-45.0,17.0,5127
1143,-39.0,-9.0,59.0,-11.0,-45.0,17.0,17171
1144,-39.0,-9.0,59.0,-11.0,-45.0,17.0,18143
1145,-39.0,-9.0,59.0,-11.0,-45.0,17.0,19163
1146,-39.0,-9.0,59.0,-11.0,-45.0,17.0,20171
1147,-39.0,-9.0,59.0,-11.0,-45.0,17.0,21209
1148,-39.0,-9.0,59.0,-11.0,-45.0,17.0,27139
1149,-39.0,-9.0,59.0,-11.0,-45.0,17.0,28123
1150,-39.0,-9.0,59.0,-11.0,-45.0,17.0,29201
1151,-39.0,-9.0,59.0,-11.0,-45.0,17.0,47151
1152,-39.0,-9.0,59.0,-11.0,-45.0,17.0,51169
1153,-42.0,-12.0,130.0,-11.0,-61.0,24.0,5071
1154,-42.0,-12.0,130.0,-11.0,-61.0,24.0,13167
1155,-42.0,-12.0,130.0,-11.0,-61.0,24.0,17087
1156,-42.0,-12.0,130.0,-11.0,-61.0,24.0,18081
1157,-42.0,-12.0,130.0,-11.0,-61.0,24.0,19103
1158,-42.0,-12.0,130.0,-11.0,-61.0,24.0,20091
1159,-42.0,-12.0,130.0,-11.0,-61.0,24.0,21115
1160,-42.0,-12.0,130.0,-11.0,-61.0,24.0,29101
1161,-42.0,-12.0,130.0,-11.0,-61.0,24.0,31097
1162,-42.0,-12.0,130.0,-11.0,-61.0,24.0,47091
1163,-42.0,-12.0,130.0,-11.0,-61.0,24.0,48251
1164,-42.0,-12.0,130.0,-11.0,-61.0,24.0,56019
1165,-32.0,-8.0,82.0,-34.0,-46.0,16.0,8115
1166,-32.0,-8.0,82.0,-34.0,-46.0,16.0,20173
1167,-30.0,-8.0,103.0,32.0,-47.0,16.0,20177
1168,-37.0,1.0,57.0,-13.0,-44.0,15.0,20209
1169,-42.0,-4.0,11.0,-40.0,-53.0,21.0,1057
1170,-42.0,-4.0,11.0,-40.0,-53.0,21.0,13113
1171,-42.0,-4.0,11.0,-40.0,-53.0,21.0,17051
1172,-42.0,-4.0,11.0,-40.0,-53.0,21.0,18041
1173,-42.0,-4.0,11.0,-40.0,-53.0,21.0,19065
1174,-42.0,-4.0,11.0,-40.0,-53.0,21.0,21067
1175,-42.0,-4.0,11.0,-40.0,-53.0,21.0,39047
1176,-42.0,-4.0,11.0,-40.0,-53.0,21.0,42051
1177,-42.0,-4.0,11.0,-40.0,-53.0,21.0,47047
1178,-42.0,-4.0,11.0,-40.0,-53.0,21.0,48149
1179,-42.0,-4.0,11.0,-40.0,-53.0,21.0,54019
1180,-32.0,-4.0,39.0,-32.0,-41.0,14.0,21125
1181,-34.0,-8.0,-10.0,-35.0,-44.0,16.0,22017
1182,-36.0,-13.0,-10.0,-33.0,-42.0,17.0,22019
1183,-41.0,-9.0,-8.0,-37.0,-51.0,21.0,22033
1184,-44.0,-11.0,10.0,-79.0,-51.0,22.0,22051
1185,-39.0,-12.0,10.0,-37.0,-46.0,18.0,22055
1186,-62.0,-25.0,-36.0,-48.0,-59.0,23.0,22071
1187,-39.0,-12.0,-2.0,-31.0,-44.0,15.0,22073
1188,-40.0,-8.0,-8.0,-21.0,-50.0,20.0,22103
1189,-28.0,-6.0,-17.0,-24.0,-42.0,17.0,22105
1190,-52.0,-25.0,34.0,-62.0,-56.0,22.0,17035
1191,-52.0,-25.0,34.0,-62.0,-56.0,22.0,21057
1192,-52.0,-25.0,34.0,-62.0,-56.0,22.0,23005
1193,-52.0,-25.0,34.0,-62.0,-56.0,22.0,34011
1194,-52.0,-25.0,34.0,-62.0,-56.0,22.0,37051
1195,-52.0,-25.0,34.0,-62.0,-56.0,22.0,42041
1196,-52.0,-25.0,34.0,-62.0,-56.0,22.0,47035
1197,-52.0,-25.0,34.0,-62.0,-56.0,22.0,51049
1198,-29.0,-10.0,0.0,-29.0,-46.0,17.0,17035
1199,-29.0,-10.0,0.0,-29.0,-46.0,17.0,21057
1200,-29.0,-10.0,0.0,-29.0,-46.0,17.0,23005
1201,-29.0,-10.0,0.0,-29.0,-46.0,17.0,34011
1202,-29.0,-10.0,0.0,-29.0,-46.0,17.0,37051
1203,-29.0,-10.0,0.0,-29.0,-46.0,17.0,42041
1204,-29.0,-10.0,0.0,-29.0,-46.0,17.0,47035
1205,-29.0,-10.0,0.0,-29.0,-46.0,17.0,51049
1206,-49.0,-22.0,125.0,-12.0,-56.0,23.0,17035
1207,-49.0,-22.0,125.0,-12.0,-56.0,23.0,21057
1208,-49.0,-22.0,125.0,-12.0,-56.0,23.0,23005
1209,-49.0,-22.0,125.0,-12.0,-56.0,23.0,34011
1210,-49.0,-22.0,125.0,-12.0,-56.0,23.0,37051
1211,-49.0,-22.0,125.0,-12.0,-56.0,23.0,42041
1212,-49.0,-22.0,125.0,-12.0,-56.0,23.0,47035
1213,-49.0,-22.0,125.0,-12.0,-56.0,23.0,51049
1214,-37.0,-16.0,5.0,-42.0,-46.0,17.0,23011
1215,-41.0,-14.0,12.0,-38.0,-47.0,17.0,23019
1216,-42.0,-13.0,16.0,-54.0,-47.0,20.0,23031
1217,-42.0,-13.0,16.0,-54.0,-47.0,20.0,31185
1218,-42.0,-13.0,16.0,-54.0,-47.0,20.0,42133
1219,-42.0,-13.0,16.0,-54.0,-47.0,20.0,45091
1220,-42.0,-13.0,16.0,-54.0,-47.0,20.0,51199
1221,-39.0,-16.0,115.0,-46.0,-52.0,21.0,23031
1222,-39.0,-16.0,115.0,-46.0,-52.0,21.0,31185
1223,-39.0,-16.0,115.0,-46.0,-52.0,21.0,42133
1224,-39.0,-16.0,115.0,-46.0,-52.0,21.0,45091
1225,-39.0,-16.0,115.0,-46.0,-52.0,21.0,51199
1226,-39.0,-13.0,8.0,-24.0,-51.0,21.0,23031
1227,-39.0,-13.0,8.0,-24.0,-51.0,21.0,31185
1228,-39.0,-13.0,8.0,-24.0,-51.0,21.0,42133
1229,-39.0,-13.0,8.0,-24.0,-51.0,21.0,45091
1230,-39.0,-13.0,8.0,-24.0,-51.0,21.0,51199
1231,-39.0,-17.0,-31.0,-23.0,-46.0,16.0,24001
1232,-39.0,-17.0,-31.0,-23.0,-46.0,16.0,36003
1233,-43.0,-26.0,42.0,-76.0,-58.0,25.0,24003
1234,-39.0,-14.0,55.0,-45.0,-54.0,23.0,24005
1235,-43.0,-24.0,39.0,-44.0,-59.0,25.0,24021
1236,-43.0,-24.0,39.0,-44.0,-59.0,25.0,51069
1237,-40.0,-22.0,96.0,-51.0,-54.0,23.0,24025
1238,-50.0,-30.0,74.0,-30.0,-68.0,30.0,5061
1239,-50.0,-30.0,74.0,-30.0,-68.0,30.0,18067
1240,-50.0,-30.0,74.0,-30.0,-68.0,30.0,19089
1241,-50.0,-30.0,74.0,-30.0,-68.0,30.0,24027
1242,-50.0,-30.0,74.0,-30.0,-68.0,30.0,29089
1243,-50.0,-30.0,74.0,-30.0,-68.0,30.0,31093
1244,-50.0,-30.0,74.0,-30.0,-68.0,30.0,48227
1245,-35.0,-19.0,46.0,-65.0,-56.0,25.0,24033
1246,-47.0,-21.0,7.0,-50.0,-51.0,20.0,25001
1247,-42.0,-14.0,-2.0,-59.0,-52.0,22.0,25005
1248,-42.0,-14.0,-2.0,-59.0,-52.0,22.0,44001
1249,-48.0,-24.0,2.0,-60.0,-59.0,26.0,25009
1250,-48.0,-24.0,2.0,-60.0,-59.0,26.0,34013
1251,-48.0,-24.0,2.0,-60.0,-59.0,26.0,36031
1252,-48.0,-24.0,2.0,-60.0,-59.0,26.0,50009
1253,-48.0,-24.0,2.0,-60.0,-59.0,26.0,51057
1254,-62.0,-14.0,-25.0,-78.0,-62.0,29.0,25009
1255,-62.0,-14.0,-25.0,-78.0,-62.0,29.0,34013
1256,-62.0,-14.0,-25.0,-78.0,-62.0,29.0,36031
1257,-62.0,-14.0,-25.0,-78.0,-62.0,29.0,50009
1258,-62.0,-14.0,-25.0,-78.0,-62.0,29.0,51057
1259,-43.0,-10.0,14.0,-39.0,-51.0,20.0,25013
1260,-51.0,-21.0,6.0,-71.0,-67.0,30.0,25021
1261,-45.0,-16.0,21.0,-62.0,-54.0,24.0,19149
1262,-45.0,-16.0,21.0,-62.0,-54.0,24.0,25023
1263,-67.0,-28.0,-47.0,-81.0,-69.0,31.0,25025
1264,-67.0,-28.0,-47.0,-81.0,-69.0,31.0,36103
1265,-57.0,-4.0,35.0,-70.0,-60.0,28.0,25025
1266,-57.0,-4.0,35.0,-70.0,-60.0,28.0,36103
1267,-46.0,-20.0,-5.0,-46.0,-55.0,24.0,24047
1268,-46.0,-20.0,-5.0,-46.0,-55.0,24.0,25027
1269,-38.0,-9.0,78.0,-24.0,-51.0,19.0,13019
1270,-38.0,-9.0,78.0,-24.0,-51.0,19.0,26021
1271,-39.0,-13.0,38.0,-29.0,-57.0,20.0,1015
1272,-39.0,-13.0,38.0,-29.0,-57.0,20.0,5013
1273,-39.0,-13.0,38.0,-29.0,-57.0,20.0,12013
1274,-39.0,-13.0,38.0,-29.0,-57.0,20.0,13037
1275,-39.0,-13.0,38.0,-29.0,-57.0,20.0,17013
1276,-39.0,-13.0,38.0,-29.0,-57.0,20.0,19025
1277,-39.0,-13.0,38.0,-29.0,-57.0,20.0,26025
1278,-39.0,-13.0,38.0,-29.0,-57.0,20.0,28013
1279,-39.0,-13.0,38.0,-29.0,-57.0,20.0,45017
1280,-39.0,-13.0,38.0,-29.0,-57.0,20.0,48057
1281,-39.0,-13.0,38.0,-29.0,-57.0,20.0,54013
1282,-45.0,-18.0,107.0,-45.0,-61.0,22.0,26049
1283,-45.0,-18.0,107.0,-45.0,-61.0,22.0,36037
1284,-55.0,-29.0,67.0,-65.0,-56.0,22.0,26055
1285,-56.0,-23.0,57.0,-62.0,-65.0,25.0,26065
1286,-49.0,-20.0,75.0,-64.0,-57.0,23.0,26077
1287,-51.0,-18.0,208.0,-32.0,-68.0,27.0,26099
1288,-59.0,-25.0,90.0,-49.0,-73.0,30.0,26125
1289,-49.0,-20.0,66.0,-26.0,-60.0,27.0,20143
1290,-49.0,-20.0,66.0,-26.0,-60.0,27.0,26139
1291,-49.0,-20.0,66.0,-26.0,-60.0,27.0,39123
1292,-49.0,-20.0,66.0,-26.0,-60.0,27.0,40115
1293,-60.0,-41.0,108.0,-56.0,-74.0,30.0,26161
1294,-48.0,-15.0,70.0,-52.0,-65.0,24.0,13305
1295,-48.0,-15.0,70.0,-52.0,-65.0,24.0,17191
1296,-48.0,-15.0,70.0,-52.0,-65.0,24.0,18177
1297,-48.0,-15.0,70.0,-52.0,-65.0,24.0,19185
1298,-48.0,-15.0,70.0,-52.0,-65.0,24.0,21231
1299,-48.0,-15.0,70.0,-52.0,-65.0,24.0,26163
1300,-48.0,-15.0,70.0,-52.0,-65.0,24.0,28153
1301,-48.0,-15.0,70.0,-52.0,-65.0,24.0,29223
1302,-48.0,-15.0,70.0,-52.0,-65.0,24.0,31179
1303,-48.0,-15.0,70.0,-52.0,-65.0,24.0,36117
1304,-48.0,-15.0,70.0,-52.0,-65.0,24.0,37191
1305,-48.0,-15.0,70.0,-52.0,-65.0,24.0,39169
1306,-48.0,-15.0,70.0,-52.0,-65.0,24.0,42127
1307,-48.0,-15.0,70.0,-52.0,-65.0,24.0,47181
1308,-48.0,-15.0,70.0,-52.0,-65.0,24.0,49055
1309,-48.0,-15.0,70.0,-52.0,-65.0,24.0,54099
1310,-35.0,-10.0,62.0,-46.0,-51.0,23.0,27003
1311,-39.0,-17.0,64.0,-45.0,-57.0,25.0,27037
1312,-39.0,-17.0,64.0,-45.0,-57.0,25.0,31043
1313,-49.0,-19.0,31.0,-70.0,-62.0,27.0,27053
1314,-50.0,-21.0,56.0,-50.0,-54.0,24.0,27109
1315,-49.0,-13.0,28.0,-39.0,-56.0,23.0,27123
1316,-49.0,-13.0,28.0,-39.0,-56.0,23.0,38071
1317,-45.0,-18.0,45.0,-49.0,-52.0,19.0,27137
1318,-45.0,-18.0,45.0,-49.0,-52.0,19.0,29189
1319,-45.0,-17.0,8.0,-56.0,-57.0,23.0,27137
1320,-45.0,-17.0,8.0,-56.0,-57.0,23.0,29189
1321,-42.0,-13.0,-22.0,-51.0,-45.0,18.0,27145
1322,-30.0,3.0,0.0,-22.0,-42.0,17.0,12027
1323,-30.0,3.0,0.0,-22.0,-42.0,17.0,28033
1324,-36.0,-11.0,7.0,-33.0,-46.0,16.0,18061
1325,-36.0,-11.0,7.0,-33.0,-46.0,16.0,19085
1326,-36.0,-11.0,7.0,-33.0,-46.0,16.0,21097
1327,-36.0,-11.0,7.0,-33.0,-46.0,16.0,28047
1328,-36.0,-11.0,7.0,-33.0,-46.0,16.0,29081
1329,-36.0,-11.0,7.0,-33.0,-46.0,16.0,39067
1330,-36.0,-11.0,7.0,-33.0,-46.0,16.0,48203
1331,-36.0,-11.0,7.0,-33.0,-46.0,16.0,54033
1332,-44.0,-12.0,-20.0,-35.0,-41.0,15.0,18061
1333,-44.0,-12.0,-20.0,-35.0,-41.0,15.0,19085
1334,-44.0,-12.0,-20.0,-35.0,-41.0,15.0,21097
1335,-44.0,-12.0,-20.0,-35.0,-41.0,15.0,28047
1336,-44.0,-12.0,-20.0,-35.0,-41.0,15.0,29081
1337,-44.0,-12.0,-20.0,-35.0,-41.0,15.0,39067
1338,-44.0,-12.0,-20.0,-35.0,-41.0,15.0,48203
1339,-44.0,-12.0,-20.0,-35.0,-41.0,15.0,54033
1340,-27.0,-5.0,-26.0,-18.0,-45.0,17.0,28049
1341,-28.0,-10.0,-17.0,-34.0,-47.0,18.0,1071
1342,-28.0,-10.0,-17.0,-34.0,-47.0,18.0,5067
1343,-28.0,-10.0,-17.0,-34.0,-47.0,18.0,8057
1344,-28.0,-10.0,-17.0,-34.0,-47.0,18.0,12063
1345,-28.0,-10.0,-17.0,-34.0,-47.0,18.0,13157
1346,-28.0,-10.0,-17.0,-34.0,-47.0,18.0,17077
1347,-28.0,-10.0,-17.0,-34.0,-47.0,18.0,18071
1348,-28.0,-10.0,-17.0,-34.0,-47.0,18.0,19097
1349,-28.0,-10.0,-17.0,-34.0,-47.0,18.0,20085
1350,-28.0,-10.0,-17.0,-34.0,-47.0,18.0,21109
1351,-28.0,-10.0,-17.0,-34.0,-47.0,18.0,26075
1352,-28.0,-10.0,-17.0,-34.0,-47.0,18.0,27063
1353,-28.0,-10.0,-17.0,-34.0,-47.0,18.0,28059
1354,-28.0,-10.0,-17.0,-34.0,-47.0,18.0,29095
1355,-28.0,-10.0,-17.0,-34.0,-47.0,18.0,37099
1356,-28.0,-10.0,-17.0,-34.0,-47.0,18.0,39079
1357,-28.0,-10.0,-17.0,-34.0,-47.0,18.0,40065
1358,-28.0,-10.0,-17.0,-34.0,-47.0,18.0,41029
1359,-28.0,-10.0,-17.0,-34.0,-47.0,18.0,46071
1360,-28.0,-10.0,-17.0,-34.0,-47.0,18.0,47087
1361,-28.0,-10.0,-17.0,-34.0,-47.0,18.0,48239
1362,-28.0,-10.0,-17.0,-34.0,-47.0,18.0,54035
1363,-28.0,-10.0,-17.0,-34.0,-47.0,18.0,55053
1364,-38.0,-6.0,37.0,-17.0,-52.0,17.0,1071
1365,-38.0,-6.0,37.0,-17.0,-52.0,17.0,5067
1366,-38.0,-6.0,37.0,-17.0,-52.0,17.0,8057
1367,-38.0,-6.0,37.0,-17.0,-52.0,17.0,12063
1368,-38.0,-6.0,37.0,-17.0,-52.0,17.0,13157
1369,-38.0,-6.0,37.0,-17.0,-52.0,17.0,17077
1370,-38.0,-6.0,37.0,-17.0,-52.0,17.0,18071
1371,-38.0,-6.0,37.0,-17.0,-52.0,17.0,19097
1372,-38.0,-6.0,37.0,-17.0,-52.0,17.0,20085
1373,-38.0,-6.0,37.0,-17.0,-52.0,17.0,21109
1374,-38.0,-6.0,37.0,-17.0,-52.0,17.0,26075
1375,-38.0,-6.0,37.0,-17.0,-52.0,17.0,27063
1376,-38.0,-6.0,37.0,-17.0,-52.0,17.0,28059
1377,-38.0,-6.0,37.0,-17.0,-52.0,17.0,29095
1378,-38.0,-6.0,37.0,-17.0,-52.0,17.0,37099
1379,-38.0,-6.0,37.0,-17.0,-52.0,17.0,39079
1380,-38.0,-6.0,37.0,-17.0,-52.0,17.0,40065
1381,-38.0,-6.0,37.0,-17.0,-52.0,17.0,41029
1382,-38.0,-6.0,37.0,-17.0,-52.0,17.0,46071
1383,-38.0,-6.0,37.0,-17.0,-52.0,17.0,47087
1384,-38.0,-6.0,37.0,-17.0,-52.0,17.0,48239
1385,-38.0,-6.0,37.0,-17.0,-52.0,17.0,54035
1386,-38.0,-6.0,37.0,-17.0,-52.0,17.0,55053
1387,-35.0,-6.0,51.0,-12.0,-41.0,13.0,1071
1388,-35.0,-6.0,51.0,-12.0,-41.0,13.0,5067
1389,-35.0,-6.0,51.0,-12.0,-41.0,13.0,8057
1390,-35.0,-6.0,51.0,-12.0,-41.0,13.0,12063
1391,-35.0,-6.0,51.0,-12.0,-41.0,13.0,13157
1392,-35.0,-6.0,51.0,-12.0,-41.0,13.0,17077
1393,-35.0,-6.0,51.0,-12.0,-41.0,13.0,18071
1394,-35.0,-6.0,51.0,-12.0,-41.0,13.0,19097
1395,-35.0,-6.0,51.0,-12.0,-41.0,13.0,20085
1396,-35.0,-6.0,51.0,-12.0,-41.0,13.0,21109
1397,-35.0,-6.0,51.0,-12.0,-41.0,13.0,26075
1398,-35.0,-6.0,51.0,-12.0,-41.0,13.0,27063
1399,-35.0,-6.0,51.0,-12.0,-41.0,13.0,28059
1400,-35.0,-6.0,51.0,-12.0,-41.0,13.0,29095
1401,-35.0,-6.0,51.0,-12.0,-41.0,13.0,37099
1402,-35.0,-6.0,51.0,-12.0,-41.0,13.0,39079
1403,-35.0,-6.0,51.0,-12.0,-41.0,13.0,40065
1404,-35.0,-6.0,51.0,-12.0,-41.0,13.0,41029
1405,-35.0,-6.0,51.0,-12.0,-41.0,13.0,46071
1406,-35.0,-6.0,51.0,-12.0,-41.0,13.0,47087
1407,-35.0,-6.0,51.0,-12.0,-41.0,13.0,48239
1408,-35.0,-6.0,51.0,-12.0,-41.0,13.0,54035
1409,-35.0,-6.0,51.0,-12.0,-41.0,13.0,55053
1410,-38.0,-12.0,-23.0,-28.0,-40.0,15.0,1077
1411,-38.0,-12.0,-23.0,-28.0,-40.0,15.0,28075
1412,-38.0,-12.0,-23.0,-28.0,-40.0,15.0,47097
1413,-39.0,-12.0,-31.0,-29.0,-44.0,19.0,28121
1414,-43.0,1.0,67.0,-45.0,-52.0,18.0,5009
1415,-43.0,1.0,67.0,-45.0,-52.0,18.0,17007
1416,-43.0,1.0,67.0,-45.0,-52.0,18.0,18011
1417,-43.0,1.0,67.0,-45.0,-52.0,18.0,19015
1418,-43.0,1.0,67.0,-45.0,-52.0,18.0,21015
1419,-43.0,1.0,67.0,-45.0,-52.0,18.0,29019
1420,-43.0,1.0,67.0,-45.0,-52.0,18.0,31011
1421,-43.0,1.0,67.0,-45.0,-52.0,18.0,54005
1422,-34.0,2.0,117.0,-21.0,-55.0,20.0,1027
1423,-34.0,2.0,117.0,-21.0,-55.0,20.0,5021
1424,-34.0,2.0,117.0,-21.0,-55.0,20.0,12019
1425,-34.0,2.0,117.0,-21.0,-55.0,20.0,13061
1426,-34.0,2.0,117.0,-21.0,-55.0,20.0,17025
1427,-34.0,2.0,117.0,-21.0,-55.0,20.0,18021
1428,-34.0,2.0,117.0,-21.0,-55.0,20.0,19041
1429,-34.0,2.0,117.0,-21.0,-55.0,20.0,20027
1430,-34.0,2.0,117.0,-21.0,-55.0,20.0,21051
1431,-34.0,2.0,117.0,-21.0,-55.0,20.0,27027
1432,-34.0,2.0,117.0,-21.0,-55.0,20.0,28025
1433,-34.0,2.0,117.0,-21.0,-55.0,20.0,29047
1434,-34.0,2.0,117.0,-21.0,-55.0,20.0,31035
1435,-34.0,2.0,117.0,-21.0,-55.0,20.0,37043
1436,-34.0,2.0,117.0,-21.0,-55.0,20.0,46027
1437,-34.0,2.0,117.0,-21.0,-55.0,20.0,47027
1438,-34.0,2.0,117.0,-21.0,-55.0,20.0,48077
1439,-34.0,2.0,117.0,-21.0,-55.0,20.0,54015
1440,-37.0,-11.0,87.0,-22.0,-45.0,13.0,1063
1441,-37.0,-11.0,87.0,-22.0,-45.0,13.0,5055
1442,-37.0,-11.0,87.0,-22.0,-45.0,13.0,13133
1443,-37.0,-11.0,87.0,-22.0,-45.0,13.0,17061
1444,-37.0,-11.0,87.0,-22.0,-45.0,13.0,18055
1445,-37.0,-11.0,87.0,-22.0,-45.0,13.0,19073
1446,-37.0,-11.0,87.0,-22.0,-45.0,13.0,28041
1447,-37.0,-11.0,87.0,-22.0,-45.0,13.0,29077
1448,-37.0,-11.0,87.0,-22.0,-45.0,13.0,36039
1449,-37.0,-11.0,87.0,-22.0,-45.0,13.0,37079
1450,-37.0,-11.0,87.0,-22.0,-45.0,13.0,39057
1451,-37.0,-11.0,87.0,-22.0,-45.0,13.0,42059
1452,-37.0,-11.0,87.0,-22.0,-45.0,13.0,47059
1453,-37.0,-11.0,87.0,-22.0,-45.0,13.0,51079
1454,-23.0,-2.0,58.0,0.0,-37.0,12.0,13159
1455,-23.0,-2.0,58.0,0.0,-37.0,12.0,17079
1456,-23.0,-2.0,58.0,0.0,-37.0,12.0,18073
1457,-23.0,-2.0,58.0,0.0,-37.0,12.0,19099
1458,-23.0,-2.0,58.0,0.0,-37.0,12.0,28061
1459,-23.0,-2.0,58.0,0.0,-37.0,12.0,29097
1460,-23.0,-2.0,58.0,0.0,-37.0,12.0,45053
1461,-23.0,-2.0,58.0,0.0,-37.0,12.0,48241
1462,-43.0,-10.0,68.0,-17.0,-58.0,24.0,29183
1463,-38.0,-21.0,47.0,-46.0,-42.0,14.0,30029
1464,-46.0,-25.0,62.0,-53.0,-49.0,19.0,17059
1465,-46.0,-25.0,62.0,-53.0,-49.0,19.0,21077
1466,-46.0,-25.0,62.0,-53.0,-49.0,19.0,30031
1467,-38.0,-13.0,74.0,-32.0,-50.0,18.0,30063
1468,-36.0,-3.0,31.0,-45.0,-39.0,14.0,30111
1469,-34.0,-11.0,83.0,-26.0,-47.0,19.0,31109
1470,-34.0,-11.0,83.0,-26.0,-47.0,19.0,42071
1471,-34.0,-11.0,83.0,-26.0,-47.0,19.0,45057
1472,-34.0,-11.0,83.0,-26.0,-47.0,19.0,51103
1473,-46.0,-19.0,49.0,-51.0,-50.0,21.0,31109
1474,-46.0,-19.0,49.0,-51.0,-50.0,21.0,42071
1475,-46.0,-19.0,49.0,-51.0,-50.0,21.0,45057
1476,-46.0,-19.0,49.0,-51.0,-50.0,21.0,51103
1477,-32.0,-6.0,98.0,-7.0,-49.0,22.0,31153
1478,-44.0,-20.0,-51.0,-58.0,-58.0,23.0,5019
1479,-44.0,-20.0,-51.0,-58.0,-58.0,23.0,16033
1480,-44.0,-20.0,-51.0,-58.0,-58.0,23.0,17023
1481,-44.0,-20.0,-51.0,-58.0,-58.0,23.0,18019
1482,-44.0,-20.0,-51.0,-58.0,-58.0,23.0,20025
1483,-44.0,-20.0,-51.0,-58.0,-58.0,23.0,21049
1484,-44.0,-20.0,-51.0,-58.0,-58.0,23.0,29045
1485,-44.0,-20.0,-51.0,-58.0,-58.0,23.0,32003
1486,-44.0,-20.0,-51.0,-58.0,-58.0,23.0,39023
1487,-44.0,-20.0,-51.0,-58.0,-58.0,23.0,46025
1488,-44.0,-20.0,-51.0,-58.0,-58.0,23.0,53011
1489,-44.0,-20.0,-51.0,-58.0,-58.0,23.0,55019
1490,-36.0,-16.0,93.0,-34.0,-51.0,19.0,5019
1491,-36.0,-16.0,93.0,-34.0,-51.0,19.0,16033
1492,-36.0,-16.0,93.0,-34.0,-51.0,19.0,17023
1493,-36.0,-16.0,93.0,-34.0,-51.0,19.0,18019
1494,-36.0,-16.0,93.0,-34.0,-51.0,19.0,20025
1495,-36.0,-16.0,93.0,-34.0,-51.0,19.0,21049
1496,-36.0,-16.0,93.0,-34.0,-51.0,19.0,29045
1497,-36.0,-16.0,93.0,-34.0,-51.0,19.0,32003
1498,-36.0,-16.0,93.0,-34.0,-51.0,19.0,39023
1499,-36.0,-16.0,93.0,-34.0,-51.0,19.0,46025
1500,-36.0,-16.0,93.0,-34.0,-51.0,19.0,53011
1501,-36.0,-16.0,93.0,-34.0,-51.0,19.0,55019
1502,-37.0,-10.0,21.0,-50.0,-48.0,20.0,32031
1503,-45.0,-18.0,-26.0,-43.0,-48.0,19.0,33009
1504,-40.0,-18.0,-11.0,-47.0,-49.0,21.0,33013
1505,-41.0,-15.0,16.0,-50.0,-53.0,24.0,33015
1506,-41.0,-15.0,16.0,-50.0,-53.0,24.0,37157
1507,-41.0,-15.0,16.0,-50.0,-53.0,24.0,51165
1508,-55.0,0.0,70.0,-50.0,-58.0,21.0,34001
1509,-67.0,-5.0,-29.0,-64.0,-69.0,33.0,34003
1510,-56.0,3.0,6.0,-35.0,-59.0,25.0,34005
1511,-49.0,2.0,38.0,-43.0,-49.0,16.0,34009
1512,-47.0,-10.0,6.0,-23.0,-55.0,22.0,34015
1513,-47.0,-10.0,6.0,-23.0,-55.0,22.0,51073
1514,-60.0,-11.0,-48.0,-76.0,-72.0,33.0,34017
1515,-62.0,12.0,-17.0,-73.0,-61.0,26.0,17131
1516,-62.0,12.0,-17.0,-73.0,-61.0,26.0,21167
1517,-62.0,12.0,-17.0,-73.0,-61.0,26.0,29129
1518,-62.0,12.0,-17.0,-73.0,-61.0,26.0,34021
1519,-62.0,12.0,-17.0,-73.0,-61.0,26.0,38057
1520,-62.0,12.0,-17.0,-73.0,-61.0,26.0,39107
1521,-62.0,12.0,-17.0,-73.0,-61.0,26.0,42085
1522,-62.0,12.0,-17.0,-73.0,-61.0,26.0,54055
1523,-60.0,6.0,18.0,-57.0,-61.0,26.0,34025
1524,-64.0,-2.0,-11.0,-62.0,-68.0,31.0,20127
1525,-64.0,-2.0,-11.0,-62.0,-68.0,31.0,34027
1526,-64.0,-2.0,-11.0,-62.0,-68.0,31.0,48343
1527,-56.0,-7.0,-7.0,-39.0,-58.0,22.0,34029
1528,-62.0,-13.0,-11.0,-58.0,-63.0,29.0,34031
1529,-44.0,7.0,-16.0,-35.0,-44.0,16.0,34033
1530,-65.0,0.0,-8.0,-64.0,-67.0,31.0,23025
1531,-65.0,0.0,-8.0,-64.0,-67.0,31.0,24039
1532,-65.0,0.0,-8.0,-64.0,-67.0,31.0,34035
1533,-65.0,0.0,-8.0,-64.0,-67.0,31.0,42111
1534,-58.0,-12.0,-33.0,-65.0,-62.0,30.0,5139
1535,-58.0,-12.0,-33.0,-65.0,-62.0,30.0,12125
1536,-58.0,-12.0,-33.0,-65.0,-62.0,30.0,13291
1537,-58.0,-12.0,-33.0,-65.0,-62.0,30.0,17181
1538,-58.0,-12.0,-33.0,-65.0,-62.0,30.0,18161
1539,-58.0,-12.0,-33.0,-65.0,-62.0,30.0,19175
1540,-58.0,-12.0,-33.0,-65.0,-62.0,30.0,21225
1541,-58.0,-12.0,-33.0,-65.0,-62.0,30.0,28145
1542,-58.0,-12.0,-33.0,-65.0,-62.0,30.0,34039
1543,-58.0,-12.0,-33.0,-65.0,-62.0,30.0,35059
1544,-58.0,-12.0,-33.0,-65.0,-62.0,30.0,37179
1545,-58.0,-12.0,-33.0,-65.0,-62.0,30.0,39159
1546,-58.0,-12.0,-33.0,-65.0,-62.0,30.0,41061
1547,-58.0,-12.0,-33.0,-65.0,-62.0,30.0,42119
1548,-58.0,-12.0,-33.0,-65.0,-62.0,30.0,45087
1549,-58.0,-12.0,-33.0,-65.0,-62.0,30.0,46127
1550,-58.0,-12.0,-33.0,-65.0,-62.0,30.0,47173
1551,-32.0,-7.0,0.0,-23.0,-51.0,20.0,5139
1552,-32.0,-7.0,0.0,-23.0,-51.0,20.0,12125
1553,-32.0,-7.0,0.0,-23.0,-51.0,20.0,13291
1554,-32.0,-7.0,0.0,-23.0,-51.0,20.0,17181
1555,-32.0,-7.0,0.0,-23.0,-51.0,20.0,18161
1556,-32.0,-7.0,0.0,-23.0,-51.0,20.0,19175
1557,-32.0,-7.0,0.0,-23.0,-51.0,20.0,21225
1558,-32.0,-7.0,0.0,-23.0,-51.0,20.0,28145
1559,-32.0,-7.0,0.0,-23.0,-51.0,20.0,34039
1560,-32.0,-7.0,0.0,-23.0,-51.0,20.0,35059
1561,-32.0,-7.0,0.0,-23.0,-51.0,20.0,37179
1562,-32.0,-7.0,0.0,-23.0,-51.0,20.0,39159
1563,-32.0,-7.0,0.0,-23.0,-51.0,20.0,41061
1564,-32.0,-7.0,0.0,-23.0,-51.0,20.0,42119
1565,-32.0,-7.0,0.0,-23.0,-51.0,20.0,45087
1566,-32.0,-7.0,0.0,-23.0,-51.0,20.0,46127
1567,-32.0,-7.0,0.0,-23.0,-51.0,20.0,47173
1568,-36.0,-16.0,19.0,-35.0,-56.0,24.0,13301
1569,-36.0,-16.0,19.0,-35.0,-56.0,24.0,17187
1570,-36.0,-16.0,19.0,-35.0,-56.0,24.0,18171
1571,-36.0,-16.0,19.0,-35.0,-56.0,24.0,19181
1572,-36.0,-16.0,19.0,-35.0,-56.0,24.0,21227
1573,-36.0,-16.0,19.0,-35.0,-56.0,24.0,28149
1574,-36.0,-16.0,19.0,-35.0,-56.0,24.0,29219
1575,-36.0,-16.0,19.0,-35.0,-56.0,24.0,34041
1576,-36.0,-16.0,19.0,-35.0,-56.0,24.0,36113
1577,-36.0,-16.0,19.0,-35.0,-56.0,24.0,37185
1578,-36.0,-16.0,19.0,-35.0,-56.0,24.0,39165
1579,-36.0,-16.0,19.0,-35.0,-56.0,24.0,42123
1580,-36.0,-16.0,19.0,-35.0,-56.0,24.0,47177
1581,-36.0,-16.0,19.0,-35.0,-56.0,24.0,51187
1582,-41.0,-13.0,13.0,-36.0,-53.0,20.0,35001
1583,-31.0,-13.0,-23.0,-11.0,-31.0,15.0,35015
1584,-31.0,-13.0,-23.0,-11.0,-31.0,15.0,38027
1585,-31.0,-6.0,-11.0,-36.0,-29.0,14.0,35025
1586,-28.0,10.0,21.0,-19.0,-46.0,18.0,8111
1587,-28.0,10.0,21.0,-19.0,-46.0,18.0,35045
1588,-28.0,10.0,21.0,-19.0,-46.0,18.0,49037
1589,-28.0,10.0,21.0,-19.0,-46.0,18.0,53055
1590,-30.0,-9.0,27.0,-49.0,-55.0,21.0,35043
1591,-48.0,-15.0,-10.0,-39.0,-53.0,21.0,35049
1592,-30.0,34.0,-2.0,-24.0,-45.0,17.0,35061
1593,-63.0,15.0,-17.0,-53.0,-59.0,25.0,36001
1594,-63.0,15.0,-17.0,-53.0,-59.0,25.0,56001
1595,-61.0,-17.0,-38.0,-58.0,-64.0,27.0,36005
1596,-48.0,-7.0,42.0,-31.0,-52.0,19.0,36007
1597,-59.0,29.0,21.0,-61.0,-56.0,24.0,36027
1598,-56.0,1.0,8.0,-47.0,-57.0,23.0,36029
1599,-56.0,1.0,8.0,-47.0,-57.0,23.0,39043
1600,-56.0,1.0,8.0,-47.0,-57.0,23.0,42049
1601,-42.0,-7.0,57.0,-25.0,-47.0,18.0,36029
1602,-42.0,-7.0,57.0,-25.0,-47.0,18.0,39043
1603,-42.0,-7.0,57.0,-25.0,-47.0,18.0,42049
1604,-64.0,-11.0,6.0,-73.0,-67.0,32.0,12089
1605,-64.0,-11.0,6.0,-73.0,-67.0,32.0,36059
1606,-87.0,-49.0,-65.0,-81.0,-79.0,32.0,36061
1607,-44.0,19.0,47.0,-33.0,-52.0,20.0,36063
1608,-50.0,14.0,16.0,-33.0,-49.0,19.0,16071
1609,-50.0,14.0,16.0,-33.0,-49.0,19.0,36065
1610,-50.0,14.0,16.0,-33.0,-49.0,19.0,55085
1611,-55.0,-8.0,17.0,-41.0,-56.0,22.0,36067
1612,-69.0,-23.0,-3.0,-75.0,-73.0,34.0,36081
1613,-50.0,16.0,-18.0,-40.0,-54.0,22.0,36083
1614,-65.0,-4.0,7.0,-57.0,-67.0,30.0,36087
1615,-54.0,7.0,17.0,-32.0,-55.0,23.0,36091
1616,-49.0,12.0,30.0,-37.0,-54.0,22.0,36093
1617,-49.0,-4.0,30.0,-47.0,-52.0,22.0,36111
1618,-66.0,-4.0,48.0,-67.0,-66.0,30.0,36119
1619,-34.0,-3.0,51.0,-17.0,-40.0,16.0,37001
1620,-35.0,-13.0,6.0,-70.0,-42.0,13.0,37019
1621,-35.0,-13.0,6.0,-70.0,-42.0,13.0,51025
1622,-47.0,-19.0,1.0,-53.0,-49.0,18.0,37021
1623,-37.0,-12.0,56.0,-7.0,-50.0,20.0,37025
1624,-44.0,-15.0,-9.0,-39.0,-59.0,23.0,37063
1625,-34.0,-11.0,41.0,-19.0,-47.0,18.0,13117
1626,-34.0,-11.0,41.0,-19.0,-47.0,18.0,37067
1627,-37.0,-13.0,24.0,-30.0,-50.0,19.0,37081
1628,-38.0,-15.0,49.0,-37.0,-42.0,16.0,17071
1629,-38.0,-15.0,49.0,-37.0,-42.0,16.0,21101
1630,-38.0,-15.0,49.0,-37.0,-42.0,16.0,37089
1631,-38.0,-15.0,49.0,-37.0,-42.0,16.0,47077
1632,-38.0,-15.0,49.0,-37.0,-42.0,16.0,48213
1633,-34.0,-5.0,31.0,-13.0,-45.0,17.0,37097
1634,-46.0,-15.0,-13.0,-66.0,-57.0,23.0,37119
1635,-46.0,-15.0,-13.0,-66.0,-57.0,23.0,51117
1636,-44.0,-15.0,13.0,-54.0,-47.0,18.0,37129
1637,-28.0,-7.0,5.0,-57.0,-40.0,16.0,37133
1638,-37.0,-14.0,-7.0,-35.0,-41.0,16.0,37147
1639,-28.0,1.0,10.0,-22.0,-39.0,15.0,37171
1640,-28.0,1.0,10.0,-22.0,-39.0,15.0,51181
1641,-43.0,-17.0,14.0,-71.0,-62.0,24.0,37183
1642,-47.0,-21.0,6.0,-20.0,-43.0,21.0,17017
1643,-47.0,-21.0,6.0,-20.0,-43.0,21.0,18017
1644,-47.0,-21.0,6.0,-20.0,-43.0,21.0,19029
1645,-47.0,-21.0,6.0,-20.0,-43.0,21.0,26027
1646,-47.0,-21.0,6.0,-20.0,-43.0,21.0,27021
1647,-47.0,-21.0,6.0,-20.0,-43.0,21.0,29037
1648,-47.0,-21.0,6.0,-20.0,-43.0,21.0,31025
1649,-47.0,-21.0,6.0,-20.0,-43.0,21.0,38017
1650,-47.0,-21.0,6.0,-20.0,-43.0,21.0,48067
1651,-39.0,-5.0,-51.0,-43.0,-40.0,19.0,38035
1652,-36.0,-8.0,117.0,-7.0,-50.0,19.0,1013
1653,-36.0,-8.0,117.0,-7.0,-50.0,19.0,19023
1654,-36.0,-8.0,117.0,-7.0,-50.0,19.0,20015
1655,-36.0,-8.0,117.0,-7.0,-50.0,19.0,21031
1656,-36.0,-8.0,117.0,-7.0,-50.0,19.0,29023
1657,-36.0,-8.0,117.0,-7.0,-50.0,19.0,31023
1658,-36.0,-8.0,117.0,-7.0,-50.0,19.0,39017
1659,-36.0,-8.0,117.0,-7.0,-50.0,19.0,42019
1660,-42.0,-10.0,76.0,-39.0,-52.0,20.0,39035
1661,-42.0,-13.0,49.0,-40.0,-58.0,22.0,1059
1662,-42.0,-13.0,49.0,-40.0,-58.0,22.0,5047
1663,-42.0,-13.0,49.0,-40.0,-58.0,22.0,12037
1664,-42.0,-13.0,49.0,-40.0,-58.0,22.0,13119
1665,-42.0,-13.0,49.0,-40.0,-58.0,22.0,16041
1666,-42.0,-13.0,49.0,-40.0,-58.0,22.0,17055
1667,-42.0,-13.0,49.0,-40.0,-58.0,22.0,18047
1668,-42.0,-13.0,49.0,-40.0,-58.0,22.0,19069
1669,-42.0,-13.0,49.0,-40.0,-58.0,22.0,20059
1670,-42.0,-13.0,49.0,-40.0,-58.0,22.0,21073
1671,-42.0,-13.0,49.0,-40.0,-58.0,22.0,23007
1672,-42.0,-13.0,49.0,-40.0,-58.0,22.0,25011
1673,-42.0,-13.0,49.0,-40.0,-58.0,22.0,28037
1674,-42.0,-13.0,49.0,-40.0,-58.0,22.0,29071
1675,-42.0,-13.0,49.0,-40.0,-58.0,22.0,31061
1676,-42.0,-13.0,49.0,-40.0,-58.0,22.0,36033
1677,-42.0,-13.0,49.0,-40.0,-58.0,22.0,37069
1678,-42.0,-13.0,49.0,-40.0,-58.0,22.0,39049
1679,-42.0,-13.0,49.0,-40.0,-58.0,22.0,42055
1680,-42.0,-13.0,49.0,-40.0,-58.0,22.0,47051
1681,-42.0,-13.0,49.0,-40.0,-58.0,22.0,48159
1682,-42.0,-13.0,49.0,-40.0,-58.0,22.0,50011
1683,-42.0,-13.0,49.0,-40.0,-58.0,22.0,51067
1684,-42.0,-13.0,49.0,-40.0,-58.0,22.0,53021
1685,-41.0,-12.0,100.0,-28.0,-54.0,20.0,12047
1686,-41.0,-12.0,100.0,-28.0,-54.0,20.0,17065
1687,-41.0,-12.0,100.0,-28.0,-54.0,20.0,18057
1688,-41.0,-12.0,100.0,-28.0,-54.0,20.0,19079
1689,-41.0,-12.0,100.0,-28.0,-54.0,20.0,20075
1690,-41.0,-12.0,100.0,-28.0,-54.0,20.0,31081
1691,-41.0,-12.0,100.0,-28.0,-54.0,20.0,36041
1692,-41.0,-12.0,100.0,-28.0,-54.0,20.0,39061
1693,-41.0,-12.0,100.0,-28.0,-54.0,20.0,47065
1694,-41.0,-12.0,100.0,-28.0,-54.0,20.0,48193
1695,-41.0,-10.0,-10.0,-39.0,-49.0,19.0,12047
1696,-41.0,-10.0,-10.0,-39.0,-49.0,19.0,17065
1697,-41.0,-10.0,-10.0,-39.0,-49.0,19.0,18057
1698,-41.0,-10.0,-10.0,-39.0,-49.0,19.0,19079
1699,-41.0,-10.0,-10.0,-39.0,-49.0,19.0,20075
1700,-41.0,-10.0,-10.0,-39.0,-49.0,19.0,31081
1701,-41.0,-10.0,-10.0,-39.0,-49.0,19.0,36041
1702,-41.0,-10.0,-10.0,-39.0,-49.0,19.0,39061
1703,-41.0,-10.0,-10.0,-39.0,-49.0,19.0,47065
1704,-41.0,-10.0,-10.0,-39.0,-49.0,19.0,48193
1705,-31.0,-10.0,30.0,-20.0,-52.0,19.0,39089
1706,-32.0,-5.0,137.0,-48.0,-48.0,18.0,39093
1707,-40.0,-9.0,140.0,-15.0,-52.0,19.0,19117
1708,-40.0,-9.0,140.0,-15.0,-52.0,19.0,39095
1709,-31.0,-8.0,120.0,-4.0,-45.0,16.0,17175
1710,-31.0,-8.0,120.0,-4.0,-45.0,16.0,38089
1711,-31.0,-8.0,120.0,-4.0,-45.0,16.0,39151
1712,-36.0,-9.0,98.0,-23.0,-52.0,18.0,8117
1713,-36.0,-9.0,98.0,-23.0,-52.0,18.0,39153
1714,-36.0,-9.0,98.0,-23.0,-52.0,18.0,49043
1715,-30.0,-2.0,65.0,-10.0,-44.0,15.0,39155
1716,-24.0,7.0,16.0,-11.0,-35.0,11.0,40101
1717,-32.0,-5.0,43.0,-27.0,-46.0,16.0,40109
1718,-32.0,-6.0,28.0,-12.0,-45.0,16.0,40143
1719,-38.0,-12.0,68.0,-22.0,-49.0,19.0,41005
1720,-40.0,-11.0,42.0,-51.0,-46.0,15.0,41017
1721,-29.0,-8.0,81.0,-33.0,-39.0,11.0,41033
1722,-28.0,4.0,46.0,-12.0,-44.0,10.0,41035
1723,-37.0,-13.0,68.0,-50.0,-48.0,16.0,20101
1724,-37.0,-13.0,68.0,-50.0,-48.0,16.0,41039
1725,-51.0,-14.0,47.0,-56.0,-57.0,21.0,41051
1726,-18.0,16.0,42.0,-9.0,-34.0,11.0,41059
1727,-50.0,-17.0,6.0,-63.0,-63.0,24.0,42003
1728,-36.0,-8.0,-4.0,-43.0,-55.0,19.0,40007
1729,-36.0,-8.0,-4.0,-43.0,-55.0,19.0,42007
1730,-36.0,-8.0,-4.0,-43.0,-55.0,19.0,49001
1731,-40.0,-17.0,89.0,-35.0,-52.0,21.0,42011
1732,-44.0,-25.0,60.0,-61.0,-58.0,25.0,42017
1733,-47.0,-34.0,21.0,-71.0,-63.0,27.0,42029
1734,-47.0,-34.0,21.0,-71.0,-63.0,27.0,45023
1735,-47.0,-34.0,21.0,-71.0,-63.0,27.0,47023
1736,-50.0,-20.0,1.0,-42.0,-55.0,21.0,42043
1737,-40.0,-21.0,63.0,-52.0,-60.0,25.0,18035
1738,-40.0,-21.0,63.0,-52.0,-60.0,25.0,19055
1739,-40.0,-21.0,63.0,-52.0,-60.0,25.0,36025
1740,-40.0,-21.0,63.0,-52.0,-60.0,25.0,39041
1741,-40.0,-21.0,63.0,-52.0,-60.0,25.0,40041
1742,-40.0,-21.0,63.0,-52.0,-60.0,25.0,42045
1743,-45.0,-15.0,40.0,-40.0,-48.0,19.0,42069
1744,-48.0,-25.0,40.0,-46.0,-55.0,23.0,42077
1745,-46.0,-7.0,46.0,-27.0,-49.0,18.0,42079
1746,-43.0,-9.0,-8.0,-36.0,-41.0,18.0,42081
1747,-46.0,-25.0,82.0,-56.0,-56.0,23.0,37131
1748,-46.0,-25.0,82.0,-56.0,-56.0,23.0,42095
1749,-46.0,-25.0,82.0,-56.0,-56.0,23.0,51131
1750,-50.0,-21.0,-28.0,-60.0,-61.0,23.0,42101
1751,-36.0,-14.0,89.0,-15.0,-48.0,18.0,42129
1752,-36.0,-14.0,89.0,-15.0,-48.0,18.0,51193
1753,-47.0,-26.0,-27.0,-53.0,-53.0,22.0,44005
1754,-47.0,-19.0,-18.0,-66.0,-53.0,23.0,44007
1755,-36.0,-11.0,-23.0,-22.0,-47.0,17.0,45003
1756,-43.0,-4.0,-9.0,-14.0,-44.0,17.0,20003
1757,-43.0,-4.0,-9.0,-14.0,-44.0,17.0,21005
1758,-43.0,-4.0,-9.0,-14.0,-44.0,17.0,45007
1759,-43.0,-4.0,-9.0,-14.0,-44.0,17.0,47001
1760,-43.0,-4.0,-9.0,-14.0,-44.0,17.0,48001
1761,-45.0,-21.0,-40.0,-51.0,-45.0,17.0,37013
1762,-45.0,-21.0,-40.0,-51.0,-45.0,17.0,45013
1763,-36.0,-10.0,-11.0,-31.0,-45.0,19.0,45015
1764,-36.0,-10.0,-11.0,-31.0,-45.0,19.0,54003
1765,-48.0,-23.0,-50.0,-55.0,-51.0,21.0,45019
1766,-36.0,-10.0,-33.0,-26.0,-49.0,20.0,24019
1767,-36.0,-10.0,-33.0,-26.0,-49.0,20.0,45035
1768,-45.0,-9.0,-30.0,-11.0,-48.0,20.0,45045
1769,-47.0,-19.0,-29.0,-66.0,-43.0,15.0,45051
1770,-42.0,-13.0,-7.0,-22.0,-46.0,19.0,45063
1771,-44.0,-16.0,-40.0,-24.0,-50.0,21.0,17159
1772,-44.0,-16.0,-40.0,-24.0,-50.0,21.0,30083
1773,-44.0,-16.0,-40.0,-24.0,-50.0,21.0,38077
1774,-44.0,-16.0,-40.0,-24.0,-50.0,21.0,39139
1775,-44.0,-16.0,-40.0,-24.0,-50.0,21.0,45079
1776,-44.0,-16.0,-40.0,-24.0,-50.0,21.0,55103
1777,-38.0,-9.0,21.0,-52.0,-43.0,17.0,45083
1778,-41.0,-6.0,25.0,-34.0,-37.0,18.0,46099
1779,-34.0,-5.0,32.0,-17.0,-40.0,17.0,27113
1780,-34.0,-5.0,32.0,-17.0,-40.0,17.0,46103
1781,-34.0,-6.0,40.0,-69.0,-47.0,17.0,1009
1782,-34.0,-6.0,40.0,-69.0,-47.0,17.0,47009
1783,-46.0,-15.0,-32.0,-59.0,-55.0,21.0,37057
1784,-46.0,-15.0,-32.0,-59.0,-55.0,21.0,47037
1785,-38.0,-9.0,2.0,-34.0,-50.0,18.0,17095
1786,-38.0,-9.0,2.0,-34.0,-50.0,18.0,18083
1787,-38.0,-9.0,2.0,-34.0,-50.0,18.0,21121
1788,-38.0,-9.0,2.0,-34.0,-50.0,18.0,23013
1789,-38.0,-9.0,2.0,-34.0,-50.0,18.0,29103
1790,-38.0,-9.0,2.0,-34.0,-50.0,18.0,31107
1791,-38.0,-9.0,2.0,-34.0,-50.0,18.0,39083
1792,-38.0,-9.0,2.0,-34.0,-50.0,18.0,47093
1793,-38.0,-9.0,2.0,-34.0,-50.0,18.0,48275
1794,-35.0,-6.0,30.0,-16.0,-51.0,21.0,37161
1795,-35.0,-6.0,30.0,-16.0,-51.0,21.0,47149
1796,-32.0,-4.0,-19.0,-21.0,-43.0,16.0,1117
1797,-32.0,-4.0,-19.0,-21.0,-43.0,16.0,17173
1798,-32.0,-4.0,-19.0,-21.0,-43.0,16.0,18145
1799,-32.0,-4.0,-19.0,-21.0,-43.0,16.0,19165
1800,-32.0,-4.0,-19.0,-21.0,-43.0,16.0,21211
1801,-32.0,-4.0,-19.0,-21.0,-43.0,16.0,29205
1802,-32.0,-4.0,-19.0,-21.0,-43.0,16.0,39149
1803,-32.0,-4.0,-19.0,-21.0,-43.0,16.0,47157
1804,-32.0,-4.0,-19.0,-21.0,-43.0,16.0,48419
1805,-32.0,-11.0,48.0,-33.0,-39.0,14.0,18153
1806,-32.0,-11.0,48.0,-33.0,-39.0,14.0,29211
1807,-32.0,-11.0,48.0,-33.0,-39.0,14.0,33019
1808,-32.0,-11.0,48.0,-33.0,-39.0,14.0,36105
1809,-32.0,-11.0,48.0,-33.0,-39.0,14.0,42113
1810,-32.0,-11.0,48.0,-33.0,-39.0,14.0,47163
1811,-47.0,-13.0,32.0,-23.0,-65.0,25.0,17199
1812,-47.0,-13.0,32.0,-23.0,-65.0,25.0,47187
1813,-47.0,-13.0,32.0,-23.0,-65.0,25.0,48491
1814,-41.0,-19.0,-5.0,-32.0,-60.0,25.0,17199
1815,-41.0,-19.0,-5.0,-32.0,-60.0,25.0,47187
1816,-41.0,-19.0,-5.0,-32.0,-60.0,25.0,48491
1817,-38.0,-10.0,16.0,-13.0,-53.0,20.0,20205
1818,-38.0,-10.0,16.0,-13.0,-53.0,20.0,37195
1819,-38.0,-10.0,16.0,-13.0,-53.0,20.0,47189
1820,-38.0,-10.0,16.0,-13.0,-53.0,20.0,48493
1821,-31.0,-13.0,33.0,-27.0,-46.0,17.0,21013
1822,-31.0,-13.0,33.0,-27.0,-46.0,17.0,48027
1823,-40.0,-17.0,-36.0,-41.0,-51.0,21.0,48029
1824,-31.0,-11.0,2.0,-10.0,-47.0,21.0,48039
1825,-58.0,-39.0,-65.0,-60.0,-53.0,24.0,42023
1826,-58.0,-39.0,-65.0,-60.0,-53.0,24.0,48061
1827,-41.0,-19.0,2.0,-32.0,-65.0,26.0,48085
1828,-38.0,-13.0,-25.0,-16.0,-48.0,19.0,48091
1829,-38.0,-12.0,-6.0,-44.0,-50.0,21.0,1047
1830,-38.0,-12.0,-6.0,-44.0,-50.0,21.0,5039
1831,-38.0,-12.0,-6.0,-44.0,-50.0,21.0,19049
1832,-38.0,-12.0,-6.0,-44.0,-50.0,21.0,29059
1833,-38.0,-12.0,-6.0,-44.0,-50.0,21.0,48113
1834,-36.0,-13.0,68.0,-28.0,-59.0,25.0,48121
1835,-30.0,-7.0,10.0,-14.0,-44.0,19.0,20051
1836,-30.0,-7.0,10.0,-14.0,-44.0,19.0,40045
1837,-30.0,-7.0,10.0,-14.0,-44.0,19.0,48139
1838,-39.0,-12.0,20.0,-31.0,-58.0,27.0,48157
1839,-35.0,-9.0,-6.0,-22.0,-47.0,19.0,48167
1840,-29.0,-13.0,-11.0,-23.0,-47.0,21.0,35019
1841,-29.0,-13.0,-11.0,-23.0,-47.0,21.0,48187
1842,-39.0,-16.0,-6.0,-54.0,-50.0,22.0,13145
1843,-39.0,-16.0,-6.0,-54.0,-50.0,22.0,48201
1844,-36.0,-18.0,-16.0,-10.0,-52.0,22.0,48209
1845,-53.0,-37.0,-64.0,-53.0,-54.0,25.0,35023
1846,-53.0,-37.0,-64.0,-53.0,-54.0,25.0,48215
1847,-29.0,-13.0,44.0,-26.0,-41.0,17.0,48303
1848,-55.0,-36.0,-72.0,-30.0,-48.0,21.0,48323
1849,-35.0,-8.0,29.0,-26.0,-42.0,16.0,48309
1850,-39.0,-18.0,-22.0,-28.0,-37.0,19.0,26111
1851,-39.0,-18.0,-22.0,-28.0,-37.0,19.0,48329
1852,-36.0,-15.0,2.0,-37.0,-41.0,17.0,48355
1853,-26.0,-8.0,12.0,-30.0,-42.0,16.0,48367
1854,-37.0,-10.0,8.0,-17.0,-37.0,15.0,42105
1855,-37.0,-10.0,8.0,-17.0,-37.0,15.0,46107
1856,-37.0,-10.0,8.0,-17.0,-37.0,15.0,48375
1857,-31.0,-16.0,2.0,-15.0,-36.0,16.0,48409
1858,-32.0,-7.0,-1.0,-9.0,-39.0,16.0,20183
1859,-32.0,-7.0,-1.0,-9.0,-39.0,16.0,28129
1860,-32.0,-7.0,-1.0,-9.0,-39.0,16.0,47159
1861,-32.0,-7.0,-1.0,-9.0,-39.0,16.0,48423
1862,-36.0,-10.0,35.0,-68.0,-48.0,20.0,48439
1863,-50.0,-23.0,-18.0,-70.0,-62.0,26.0,48453
1864,-32.0,-7.0,3.0,-11.0,-37.0,13.0,1127
1865,-32.0,-7.0,3.0,-11.0,-37.0,13.0,13295
1866,-32.0,-7.0,3.0,-11.0,-37.0,13.0,48471
1867,-51.0,-32.0,-59.0,-39.0,-47.0,22.0,48479
1868,-32.0,3.0,46.0,-30.0,-54.0,21.0,19051
1869,-32.0,3.0,46.0,-30.0,-54.0,21.0,49011
1870,-39.0,-12.0,59.0,-59.0,-52.0,20.0,49035
1871,-29.0,-5.0,169.0,-31.0,-56.0,20.0,49049
1872,-26.0,-8.0,114.0,-20.0,-46.0,16.0,49057
1873,-55.0,-47.0,17.0,-63.0,-66.0,27.0,50007
1874,-65.0,-26.0,-40.0,-82.0,-77.0,35.0,51013
1875,-36.0,-20.0,15.0,-26.0,-51.0,21.0,45025
1876,-36.0,-20.0,15.0,-26.0,-51.0,21.0,51041
1877,-47.0,-24.0,-12.0,-65.0,-69.0,30.0,51059
1878,-41.0,-20.0,15.0,-65.0,-54.0,22.0,51087
1879,-45.0,-21.0,-3.0,-74.0,-68.0,29.0,51107
1880,-36.0,-17.0,23.0,-56.0,-57.0,26.0,51153
1881,-32.0,-5.0,59.0,-18.0,-46.0,15.0,53007
1882,-31.0,-13.0,38.0,-14.0,-44.0,13.0,53009
1883,-27.0,2.0,71.0,1.0,-41.0,13.0,53015
1884,-24.0,5.0,15.0,-38.0,-44.0,11.0,5053
1885,-24.0,5.0,15.0,-38.0,-44.0,11.0,18053
1886,-24.0,5.0,15.0,-38.0,-44.0,11.0,20067
1887,-24.0,5.0,15.0,-38.0,-44.0,11.0,21081
1888,-24.0,5.0,15.0,-38.0,-44.0,11.0,27051
1889,-24.0,5.0,15.0,-38.0,-44.0,11.0,31075
1890,-24.0,5.0,15.0,-38.0,-44.0,11.0,35017
1891,-24.0,5.0,15.0,-38.0,-44.0,11.0,38037
1892,-24.0,5.0,15.0,-38.0,-44.0,11.0,40053
1893,-24.0,5.0,15.0,-38.0,-44.0,11.0,41023
1894,-24.0,5.0,15.0,-38.0,-44.0,11.0,46051
1895,-24.0,5.0,15.0,-38.0,-44.0,11.0,53025
1896,-24.0,5.0,15.0,-38.0,-44.0,11.0,54023
1897,-24.0,5.0,15.0,-38.0,-44.0,11.0,55043
1898,-27.0,2.0,26.0,-30.0,-46.0,14.0,53027
1899,-52.0,-20.0,49.0,-69.0,-70.0,28.0,48269
1900,-52.0,-20.0,49.0,-69.0,-70.0,28.0,53033
1901,-34.0,-10.0,31.0,-56.0,-52.0,19.0,53035
1902,-39.0,-8.0,7.0,-1.0,-58.0,17.0,53037
1903,-30.0,-3.0,46.0,-14.0,-44.0,14.0,16061
1904,-30.0,-3.0,46.0,-14.0,-44.0,14.0,21135
1905,-30.0,-3.0,46.0,-14.0,-44.0,14.0,29111
1906,-30.0,-3.0,46.0,-14.0,-44.0,14.0,36049
1907,-30.0,-3.0,46.0,-14.0,-44.0,14.0,47101
1908,-30.0,-3.0,46.0,-14.0,-44.0,14.0,53041
1909,-30.0,-3.0,46.0,-14.0,-44.0,14.0,54041
1910,-34.0,-8.0,43.0,-39.0,-52.0,20.0,13229
1911,-34.0,-8.0,43.0,-39.0,-52.0,20.0,31139
1912,-34.0,-8.0,43.0,-39.0,-52.0,20.0,38069
1913,-34.0,-8.0,43.0,-39.0,-52.0,20.0,53053
1914,-34.0,-8.0,43.0,-39.0,-52.0,20.0,55093
1915,-35.0,-10.0,63.0,-37.0,-51.0,18.0,53057
1916,-36.0,-15.0,47.0,-48.0,-61.0,25.0,53061
1917,-35.0,-7.0,89.0,-42.0,-50.0,17.0,53063
1918,-37.0,-13.0,24.0,-24.0,-59.0,21.0,31173
1919,-37.0,-13.0,24.0,-24.0,-59.0,21.0,53067
1920,-45.0,-21.0,90.0,-46.0,-55.0,20.0,53073
1921,-29.0,-3.0,10.0,-20.0,-44.0,14.0,53077
1922,-46.0,-16.0,-54.0,-37.0,-51.0,18.0,54039
1923,-47.0,-23.0,4.0,-27.0,-60.0,22.0,54061
1924,-48.0,-16.0,64.0,-70.0,-47.0,20.0,17009
1925,-48.0,-16.0,64.0,-70.0,-47.0,20.0,18013
1926,-48.0,-16.0,64.0,-70.0,-47.0,20.0,20013
1927,-48.0,-16.0,64.0,-70.0,-47.0,20.0,27015
1928,-48.0,-16.0,64.0,-70.0,-47.0,20.0,31017
1929,-48.0,-16.0,64.0,-70.0,-47.0,20.0,39015
1930,-48.0,-16.0,64.0,-70.0,-47.0,20.0,46013
1931,-48.0,-16.0,64.0,-70.0,-47.0,20.0,48049
1932,-48.0,-16.0,64.0,-70.0,-47.0,20.0,55009
1933,-61.0,-26.0,6.0,-62.0,-63.0,29.0,55025
1934,-47.0,-21.0,-15.0,-48.0,-47.0,20.0,55059
1935,-48.0,-20.0,-6.0,-47.0,-51.0,22.0,55079
1936,-52.0,-17.0,46.0,-51.0,-48.0,21.0,55087
1937,-41.0,-20.0,24.0,-16.0,-44.0,19.0,55101
1938,-43.0,-18.0,10.0,-18.0,-44.0,18.0,27133
1939,-43.0,-18.0,10.0,-18.0,-44.0,18.0,31149
1940,-43.0,-18.0,10.0,-18.0,-44.0,18.0,55105
1941,-51.0,-21.0,9.0,-25.0,-53.0,25.0,55133
1942,-32.0,-10.0,57.0,-10.0,-43.0,17.0,56021
1943,-29.0,1.0,47.0,-28.0,-37.0,14.0,56025
