fips,pop_total,pop_density
1001,54571,91.8
1003,182265,114.6
1005,27457,31
1007,22915,36.8
1009,57322,88.9
1011,10914,17.5
1013,20947,27
1015,118572,195.7
1017,34215,57.4
1019,25989,46.9
1021,43643,63
1023,13859,15.2
1025,25833,20.9
1027,13932,23.1
1029,14972,26.7
1031,49948,73.6
1033,54428,91.8
1035,13228,15.6
1037,11539,17.7
1039,37765,36.6
1041,13906,22.8
1043,80406,109.4
1045,50251,89.6
1047,43820,44.8
1049,71109,91.5
1051,79303,128.2
1053,38319,40.5
1055,104430,195.2
1057,17241,27.5
1059,31704,50
1061,26790,46.6
1063,9045,14
1065,15760,24.5
1067,17302,30.8
1069,101547,175.1
1071,53227,49.4
1073,658466,592.5
1075,14564,24.1
1077,92709,138.8
1079,34339,49.7
1081,140247,230.8
1083,82782,147.8
1085,11299,15.8
1087,21452,35.2
1089,334811,417.7
1091,21027,21.5
1093,30776,41.5
1095,93019,164.4
1097,412992,335.9
1099,23068,22.5
1101,229363,292.5
1103,119490,206.3
1105,10591,14.7
1107,19746,22.4
1109,32899,48.9
1111,22913,39.5
1113,52947,82.6
1115,83593,132.3
1117,195085,248.5
1119,13763,15.2
1121,82291,111.7
1123,41616,58.1
1125,194656,147.3
1127,67023,84.7
1129,17581,16.3
1131,11670,13.1
1133,24484,39.9
2013,3141,0.4
2016,5561,1.3
2020,291826,171.2
2050,17013,0.4
2060,997,2
2068,1826,0.1
2070,4847,0.3
2090,97581,13.3
2100,2508,1.1
2105,2150,0.3
2110,31275,11.6
2122,55400,3.4
2130,13477,2.8
2150,13592,2.1
2164,1631,0.1
2170,88995,3.6
2180,9492,0.4
2185,9430,0.1
2188,7523,0.2
2195,3815,1.2
2198,5559,1.4
2220,8881,3.1
2230,968,2.1
2240,7029,0.3
2261,9636,0.3
2270,7459,0.4
2275,2369,0.9
2282,662,0.1
2290,5588,0
4001,71518,6.4
4003,131346,21.3
4005,134421,7.2
4007,53597,11.3
4009,37220,8.1
4011,8437,4.6
4012,20489,4.6
4013,3817117,414.9
4015,200186,15
4017,107449,10.8
4019,980263,106.7
4021,375770,70
4023,47420,38.3
4025,211033,26
4027,195751,35.5
5001,19019,19.2
5003,21853,23.6
5005,41513,74.9
5007,221339,261.2
5009,36903,62.5
5011,11508,17.7
5013,5368,8.5
5015,27446,43.6
5017,11800,18.3
5019,22995,26.6
5021,16083,25.2
5023,25970,46.9
5025,8689,14.5
5027,24552,32.1
5029,21273,38.5
5031,96443,136.4
5033,61948,104.4
5035,50902,83.5
5037,17870,29
5039,8116,12.2
5041,13008,16.9
5043,18509,22.3
5045,113237,174.8
5047,18125,29.8
5049,12245,19.8
5051,96024,141.7
5053,17853,28.3
5055,42090,72.9
5057,22609,31.1
5059,32923,53.5
5061,13789,23.4
5063,36647,48
5065,13696,23.6
5067,17997,28.4
5069,77435,88.9
5071,25540,38.7
5073,7645,14.5
5075,17415,29.6
5077,10424,17.3
5079,14134,25.2
5081,13171,24.7
5083,22353,31.6
5085,68356,88.7
5087,15717,18.8
5089,16653,27.9
5091,43462,69.5
5093,46480,51.6
5095,8149,13.4
5097,9487,12.2
5099,8997,14.6
5101,8330,10.1
5103,26120,35.6
5105,10445,18.9
5107,21757,31.3
5109,11291,18.8
5111,24583,32.4
5113,20662,24.1
5115,61754,76
5117,8715,13.4
5119,382748,503.8
5121,17969,27.6
5123,28258,44.5
5125,107118,148
5127,11233,12.6
5129,8195,12.3
5131,125744,236.4
5133,17058,30.2
5135,17264,28.6
5137,12394,20.4
5139,41639,40.1
5141,17295,24.4
5143,203065,215.6
5145,77076,74.5
5147,7260,12.4
5149,22185,23.9
6001,1510271,2043.6
6003,1175,1.6
6005,38091,64.1
6007,220000,134.4
6009,45578,44.7
6011,21419,18.6
6013,1049025,1465.2
6015,28610,28.4
6017,181058,106
6019,930450,156.2
6021,28122,21.4
6023,134623,37.7
6025,174528,41.8
6027,18546,1.8
6029,839631,103.3
6031,152982,110.1
6033,64665,51.5
6035,34895,7.7
6037,9818605,2419.6
6039,150865,70.6
6041,252409,485.1
6043,18251,12.6
6045,87841,25.1
6047,255793,132.2
6049,9686,2.5
6051,14202,4.7
6053,415057,126.5
6055,136484,182.4
6057,98764,103.1
6059,3010232,3807.7
6061,348432,247.6
6063,20007,7.8
6065,2189641,303.8
6067,1418788,1470.8
6069,55269,39.8
6071,2035210,101.5
6073,3095313,735.8
6075,805235,17179.1
6077,685306,492.6
6079,269637,81.7
6081,718451,1602.2
6083,423895,155
6085,1781642,1381
6087,262382,589.4
6089,177223,46.9
6091,3240,3.4
6093,44900,7.2
6095,413344,503
6097,483878,307.1
6099,514453,344.2
6101,94737,157.3
6103,63463,21.5
6105,13786,4.3
6107,442179,91.7
6109,55365,24.9
6111,823318,446.7
6113,200849,197.9
6115,72155,114.2
8001,441603,378.2
8003,15445,21.4
8005,572003,716.7
8007,12084,8.9
8009,3788,1.5
8011,6499,4.3
8013,294567,405.6
8014,55889,1691.9
8015,17809,17.6
8017,1836,1
8019,9088,23
8021,8256,6.4
8023,3524,2.9
8025,5823,7.4
8027,4255,5.8
8029,30952,27.1
8031,600158,3922.6
8033,2064,1.9
8035,285465,339.7
8037,52197,31
8039,23086,12.5
8041,622263,292.6
8043,46824,30.5
8045,56389,19.1
8047,5441,36.3
8049,14843,8
8051,15324,4.7
8053,843,0.8
8055,6711,4.2
8057,1394,0.9
8059,534543,699.5
8061,1398,0.8
8063,8270,3.8
8065,7310,19.4
8067,51334,30.3
8069,299630,115.4
8071,15507,3.2
8073,5467,2.1
8075,22709,12.4
8077,146723,44.1
8079,712,0.8
8081,13795,2.9
8083,25535,12.6
8085,41276,18.4
8087,28159,22
8089,18831,14.9
8091,4436,8.2
8093,16206,7.4
8095,4442,6.5
8097,17148,17.7
8099,12551,7.7
8101,159063,66.7
8103,6666,2.1
8105,11982,13.1
8107,23509,10
8109,6108,1.9
8111,699,1.8
8113,7359,5.7
8115,2379,4.3
8117,27994,46
8119,23350,41.9
8121,4814,1.9
8123,252825,63.4
8125,10043,4.2
9001,916829,1467.2
9003,894014,1216.2
9005,189927,206.3
9007,165676,448.6
9009,862477,1426.7
9011,274055,412.2
9013,152691,372.2
9015,118428,230.9
10001,162310,276.9
10003,538479,1263.2
10005,197145,210.6
11001,601723,9856.6
12001,247336,282.7
12003,27115,46.3
12005,168852,222.6
12007,28520,97
12009,543376,535
12011,1748066,1444.9
12013,14625,25.8
12015,159978,235.2
12017,141236,242.8
12019,190865,315.8
12021,321520,160.9
12023,67531,84.7
12027,34862,54.7
12029,16422,23.3
12031,864263,1133.9
12033,297619,453.4
12035,95696,197.1
12037,11549,21.6
12039,46389,89.8
12041,16939,48.4
12043,12884,16
12045,15863,28.1
12047,14799,28.8
12049,27731,43.5
12051,39140,34
12053,172778,365.6
12055,98786,97.2
12057,1229226,1204.9
12059,19927,41.6
12061,138028,274.5
12063,49746,54.2
12065,14761,24.7
12067,8870,16.3
12069,297052,316.6
12071,618754,788.7
12073,275487,413.1
12075,40801,36.5
12077,8365,10
12079,19224,27.6
12081,322833,434.5
12083,331298,209.1
12085,146318,269.2
12086,2496435,1315.5
12087,73090,74.3
12089,73314,113
12091,180822,194.4
12093,39996,52
12095,1145956,1268.5
12097,268685,202.4
12099,1320134,670.2
12101,464697,622.2
12103,916542,3347.5
12105,602095,334.9
12107,74364,102.2
12109,190039,316.4
12111,277789,485.7
12113,151372,149.6
12115,379448,682.6
12117,422718,1367
12119,93420,170.8
12121,41551,60.3
12123,22570,21.6
12125,15535,63.8
12127,494593,449.2
12129,30776,50.8
12131,55043,53
12133,24896,42.7
13001,18236,36
13003,8375,24.7
13005,11096,42.9
13007,3451,10.1
13009,45720,177.3
13011,18395,79.3
13013,69367,432.7
13015,100157,217.9
13017,17634,70.5
13019,19286,42.7
13021,155547,622.8
13023,13063,60.5
13025,18411,41.6
13027,16243,32.9
13029,30233,69.3
13031,70217,104.4
13033,23316,28.2
13035,23655,128.3
13037,6694,23.9
13039,50513,82.4
13043,10998,45.3
13045,110527,221.5
13047,63942,394.3
13049,12171,15.7
13051,265128,621.7
13053,11267,45.3
13055,26015,83
13057,214346,508.3
13059,116714,979.1
13061,3183,16.3
13063,259424,1832.5
13065,6798,8.5
13067,688078,2026.4
13069,42356,73.7
13071,45498,83.6
13073,124053,427.6
13075,17212,75.8
13077,127317,288.8
13079,12630,38.9
13081,23439,86
13083,16633,95.6
13085,22330,105.9
13087,27842,46.6
13089,691893,2585.7
13091,21796,44
13093,14918,38.1
13095,94565,287.7
13097,132403,661.8
13099,11008,21.5
13101,4034,9.7
13103,52250,109.4
13105,20166,57.4
13107,22598,33.2
13109,11000,60.2
13111,23682,61.2
13113,106567,548.3
13115,96317,188.9
13117,175511,783.5
13119,22084,84.5
13121,920581,1748
13123,28292,66.3
13125,3082,21.4
13127,79626,189.7
13129,55186,155.1
13131,25011,55
13133,15994,41.3
13135,805321,1871.2
13137,43041,155.5
13139,179684,457.5
13141,9429,20
13143,28780,102
13145,32024,69
13147,25213,108.5
13149,11834,40
13151,203922,633
13153,139900,372.5
13155,9538,26.9
13157,60485,178.1
13159,13900,37.8
13161,15068,45.6
13163,16930,32.2
13165,8340,24
13167,9980,32.9
13169,28669,72.8
13171,18317,99.8
13173,10078,54.4
13175,48434,60
13177,28298,79.5
13179,63453,129.5
13181,7996,38
13183,14464,36.1
13185,109233,220.2
13187,29966,105.9
13189,21875,85
13191,14333,33.8
13193,14740,36.8
13195,28120,99.6
13197,8742,23.9
13199,21992,43.9
13201,6125,21.7
13205,23498,45.9
13207,26424,66.8
13209,9123,38.1
13211,17868,51.4
13213,39628,115
13215,189885,877.5
13217,99958,367.3
13219,32808,178
13221,14899,33.9
13223,142324,455.8
13225,27695,184.3
13227,29431,126.8
13229,18758,59.3
13231,17869,82.7
13233,41475,133.6
13235,12010,48.2
13237,21218,61.6
13239,2513,16.6
13241,16276,44
13243,7719,18
13245,200549,618.4
13247,85215,656.5
13249,5010,30
13251,14593,22.6
13253,8729,37.1
13255,64073,326.1
13257,26175,146.1
13259,6058,13.2
13261,32819,68
13263,6865,17.5
13265,1717,8.8
13267,25520,53.2
13269,8906,23.6
13271,16500,37.7
13273,9315,27.8
13275,44720,82.1
13277,40118,154.9
13279,27223,74.8
13281,10471,62.9
13283,6885,34.5
13285,67044,161.9
13287,8930,31.3
13289,9023,25.2
13291,21356,66.3
13293,27153,84
13295,68756,154
13297,83768,257.2
13299,36312,40.7
13301,5834,20.5
13303,21187,31.2
13305,30099,46.9
13307,2799,13.4
13309,7421,25.1
13311,27144,112.8
13313,102599,353.2
13315,9255,24.5
13317,10593,22.6
13319,9563,21.4
13321,21679,38
15001,185079,45.9
15003,953207,1586.7
15005,90,7.5
15007,67091,108.2
15009,154834,133.3
16001,392365,372.8
16003,3976,2.9
16005,82839,74.5
16007,5986,6.1
16009,9285,12
16011,45607,21.8
16013,21376,8.1
16015,7028,3.7
16017,40877,23.6
16019,104234,55.9
16021,10972,8.6
16023,2891,1.3
16025,1117,1
16027,188923,321.6
16029,6963,3.9
16031,22952,8.9
16033,982,0.6
16035,8761,3.6
16037,4368,0.9
16039,27038,8.8
16041,12786,19.3
16043,13242,7.1
16045,16719,29.8
16047,15464,21.2
16049,16267,1.9
16051,26140,23.9
16053,22374,37.5
16055,138494,111.3
16057,37244,34.6
16059,7936,1.7
16061,3821,8
16063,5208,4.3
16065,37536,80
16067,20069,26.5
16069,39265,46.3
16071,4286,3.6
16073,11526,1.5
16075,22623,55.6
16077,7817,5.6
16079,12765,4.9
16081,10170,22.6
16083,77230,40.2
16085,9862,2.7
16087,10198,7
17001,67103,78.5
17003,8238,35
17005,17768,46.7
17007,54165,193
17009,6937,22.7
17011,34978,40.2
17013,5089,20
17015,15387,34.6
17017,13642,36.3
17019,201081,201.8
17021,34800,49.1
17023,16335,32.6
17025,13815,29.5
17027,37762,79.7
17029,53873,106
17031,5194675,5495.1
17033,19817,44.7
17035,11048,31.9
17037,105160,166.6
17039,16561,41.7
17041,19980,48
17043,916924,2799.8
17045,18576,29.8
17047,6721,30.2
17049,34242,71.5
17051,22140,30.9
17053,14081,29
17055,39561,96.8
17057,37069,42.8
17059,5589,17.3
17061,13886,25.6
17063,50063,119.8
17065,8457,19.5
17067,19104,24.1
17069,4320,24.3
17071,7331,19.3
17073,50486,61.3
17075,29718,26.6
17077,60218,103.1
17079,9698,19.6
17081,38827,68
17083,22985,62.2
17085,22678,37.7
17087,12582,36.6
17089,515269,990.8
17091,113449,167.7
17093,114736,358.2
17095,52919,73.9
17097,703462,1585.6
17099,113924,100.4
17101,16833,45.2
17103,36031,49.7
17105,38950,37.3
17107,30305,49
17109,32612,55.3
17111,308760,511.9
17113,169572,143.3
17115,110768,190.8
17117,47765,55.4
17119,269282,376.3
17121,39437,68.9
17123,12640,32.7
17125,14666,27.2
17127,15429,65
17129,12705,40.4
17131,16434,29.3
17133,32957,85.6
17135,30104,42.8
17137,35547,62.5
17139,14846,44.2
17141,53497,70.5
17143,186494,301.2
17145,22350,50.6
17147,16729,38.1
17149,16430,19.8
17151,4470,12.1
17153,6161,30.9
17155,6006,37.5
17157,33476,58.2
17159,16233,45.1
17161,147546,345
17163,270056,410.6
17165,24913,65.6
17167,197465,227.4
17169,7544,17.3
17171,5355,21.3
17173,22363,29.5
17175,5994,20.8
17177,47711,84.5
17179,135394,208.6
17181,17808,43.1
17183,81625,90.9
17185,11947,53.5
17187,17707,32.6
17189,14716,26.2
17191,16760,23.5
17193,14665,29.6
17195,58498,85.5
17197,677560,809.6
17199,66357,157.9
17201,295266,575.2
17203,38664,73.3
18001,34387,101.4
18003,355329,540.6
18005,76794,188.7
18007,8854,21.8
18009,12766,77.3
18011,56640,133.9
18013,15242,48.9
18015,20155,54.1
18017,38966,94.5
18019,110232,295.6
18021,26890,75.2
18023,33224,82
18025,10713,35.1
18027,31648,73.7
18029,50047,164.1
18031,25740,69.1
18033,42223,116.4
18035,117671,300.1
18037,41889,98
18039,197559,426.5
18041,24277,112.9
18043,74578,504.1
18045,17240,43.6
18047,23087,60.1
18049,20836,56.6
18051,33503,68.7
18053,70061,169.2
18055,33165,61.1
18057,274569,696.4
18059,70002,228.8
18061,39364,81.2
18063,145448,357.4
18065,49462,126.2
18067,82752,282.4
18069,37124,97
18071,42376,83.2
18073,33478,59.8
18075,21253,55.4
18077,32428,89.9
18079,28525,75.7
18081,139654,435.8
18083,38440,74.5
18085,77358,145.6
18087,37128,97.8
18089,496005,994.1
18091,111467,186.3
18093,46134,102.7
18095,131636,291.3
18097,903393,2279.6
18099,47051,106.1
18101,10334,30.8
18103,36903,98.7
18105,137974,349.7
18107,38124,75.6
18109,68894,170.5
18111,14244,35.5
18113,47536,115.7
18115,6128,71.1
18117,19840,49.8
18119,21575,56
18121,17339,39
18123,19338,50.7
18125,12845,38.4
18127,164343,393
18129,25910,63.3
18131,13402,30.9
18133,37963,79
18135,26171,57.9
18137,28818,64.6
18139,17392,42.6
18141,266931,583
18143,24181,127
18145,44436,108.1
18147,20952,52.8
18149,23363,75.6
18151,34185,110.7
18153,21475,48
18155,10613,48.1
18157,172780,345.7
18159,15936,61.2
18161,7516,46.6
18163,179703,769.7
18165,16212,63.1
18167,107848,267.4
18169,32888,79.7
18171,8508,23.3
18173,59689,155.1
18175,28262,55
18177,68917,171.5
18179,27636,75.1
18181,24643,48.8
18183,33292,99.2
19001,7682,13.5
19003,4029,9.5
19005,14330,22.4
19007,12887,25.9
19009,6119,13.8
19011,26076,36.4
19013,131090,231.7
19015,26306,46
19017,24276,55.7
19019,20958,36.7
19021,20260,35.2
19023,14867,25.6
19025,9670,17
19027,20816,36.6
19029,13956,24.7
19031,18499,31.9
19033,44151,77.7
19035,12072,20.9
19037,12439,24.7
19039,9286,21.5
19041,16667,29.4
19043,18129,23.3
19045,49116,70.7
19047,17096,23.9
19049,66135,112.4
19051,8753,17.4
19053,8457,15.9
19055,17764,30.7
19057,40325,96.9
19059,16667,43.8
19061,93653,154
19063,10302,26
19065,20880,28.6
19067,16303,32.6
19069,10680,18.4
19071,7441,14.6
19073,9336,16.4
19075,12453,24.8
19077,10954,18.5
19079,15673,27.2
19081,11341,19.9
19083,17534,30.8
19085,14928,21.4
19087,20145,46.4
19089,9566,20.2
19091,9815,22.6
19093,7089,16.4
19095,16355,27.9
19097,19848,31.2
19099,36842,50.4
19101,16843,38.7
19103,130882,213.1
19105,20638,35.9
19107,10511,18.1
19109,15543,16
19111,35862,69.3
19113,211226,294.6
19115,11387,28.3
19117,8898,20.7
19119,11581,19.7
19121,15679,27.9
19123,22381,39.2
19125,33309,60.1
19127,40648,71
19129,15059,34.4
19131,10776,23
19133,9243,13.3
19135,7970,18.4
19137,10740,25.3
19139,42745,97.7
19141,14398,25.1
19143,6462,16.2
19145,15932,29.8
19147,9421,16.7
19149,24986,29
19151,7310,12.7
19153,430640,750.5
19155,93158,98
19157,18914,32.3
19159,5131,9.6
19161,10350,18
19163,165224,360.7
19165,12167,20.6
19167,33704,43.9
19169,89542,156.3
19171,17767,24.6
19173,6317,11.9
19175,12534,29.6
19177,7570,15.6
19179,35625,82.5
19181,46225,81.1
19183,21704,38.2
19185,6403,12.2
19187,38013,53.1
19189,10866,27.1
19191,21056,30.5
19193,102172,117.1
19195,7598,19
19197,13229,22.8
20001,13371,26.7
20003,8102,14
20005,16924,39.3
20007,4861,4.3
20009,27674,30.9
20011,15173,23.9
20013,9984,17.5
20015,65880,46.1
20017,2790,3.6
20019,3669,5.7
20021,21603,36.8
20023,2726,2.7
20025,2215,2.3
20027,8535,13.2
20029,9533,13.3
20031,8601,13.7
20033,1891,2.4
20035,36311,32.3
20037,39134,66.4
20039,2961,3.3
20041,19754,23.3
20043,7945,20.2
20045,110826,243.1
20047,3037,4.9
20049,2882,4.5
20051,28452,31.6
20053,6497,9.1
20055,36776,28.2
20057,33848,30.8
20059,25992,45.5
20061,34362,89.3
20063,2695,2.5
20065,2597,2.9
20067,7829,13.6
20069,6006,6.9
20071,1247,1.6
20073,6689,5.9
20075,2690,2.7
20077,6034,7.5
20079,34684,64.3
20081,4256,7.4
20083,1916,2.2
20085,13462,20.5
20087,19126,35.9
20089,3077,3.4
20091,544179,1149.6
20093,3977,4.6
20095,7858,9.1
20097,2553,3.5
20099,21607,33.5
20101,1750,2.4
20103,76227,164.7
20105,3241,4.5
20107,9656,16.3
20109,2756,2.6
20111,33690,39.8
20113,29180,32.5
20115,12660,13.4
20117,10117,11.2
20119,4575,4.7
20121,32787,57
20123,6373,9.1
20125,35471,55.1
20127,5923,8.5
20129,3233,4.4
20131,10178,14.2
20133,16512,28.9
20135,3107,2.9
20137,5671,6.5
20139,16295,23.1
20141,3858,4.3
20143,6091,8.5
20145,6973,9.2
20147,5642,6.4
20149,21604,25.7
20151,9656,13.1
20153,2519,2.4
20155,64511,51.4
20157,4980,6.9
20159,10083,13.9
20161,71115,116.6
20163,5181,5.8
20165,3307,4.6
20167,6970,7.9
20169,55606,77.2
20171,4936,6.9
20173,498365,499.6
20175,22952,35.9
20177,177934,327.1
20179,2556,2.9
20181,6010,5.7
20183,3853,4.3
20185,4437,5.6
20187,2235,3.3
20189,5724,7.9
20191,24132,20.4
20193,7900,7.4
20195,3001,3.4
20197,7053,8.9
20199,1485,1.6
20201,5799,6.5
20203,2234,3.1
20205,9409,16.5
20207,3309,6.6
20209,157505,1039
21001,18656,46
21003,19956,58
21005,21421,106.1
21007,8249,33.4
21009,42173,86.5
21011,11591,41.6
21013,28691,79.9
21015,118811,482.3
21017,19985,69
21019,49542,309.9
21021,28432,157.8
21023,8488,41.3
21025,13878,28.2
21027,20059,35.4
21029,74319,250.2
21031,12690,29.8
21033,12984,37.7
21035,37191,96.6
21037,90336,597
21039,5104,26.9
21041,10811,84.1
21043,27720,67.7
21045,15955,35.9
21047,73955,103.1
21049,35613,141.1
21051,21730,46.3
21053,10272,52.1
21055,9315,25.9
21057,6856,22.5
21059,96656,210.9
21061,12161,40.2
21063,7852,33.5
21065,14672,58
21067,295803,1042.8
21069,14348,41.2
21071,39451,100.3
21073,49285,237.2
21075,6813,33.2
21077,8589,84.8
21079,16912,73.5
21081,24662,95.6
21083,37121,67.3
21085,25746,51.8
21087,11258,39.4
21089,36910,107.2
21091,8565,45.6
21093,105543,169.3
21095,29278,62.9
21097,18846,61.5
21099,18199,44.2
21101,46250,105.9
21103,15416,53.9
21105,4902,20.2
21107,46920,86.6
21109,13494,39.1
21111,741096,1948.1
21113,48586,282.3
21115,23356,89.2
21117,159720,996.7
21119,16346,46.5
21121,31883,82.5
21123,14193,54.3
21125,58849,135.6
21127,15860,38.2
21129,7887,37.8
21131,11310,28.2
21133,24519,72.6
21135,13870,28.7
21137,24742,74.1
21139,9519,30.4
21141,26835,48.6
21143,8314,38.9
21145,65565,263.6
21147,18306,42.9
21149,9531,37.8
21151,82916,189.6
21153,13333,43.2
21155,19820,57.8
21157,31448,104.4
21159,12929,56.3
21161,17490,72.8
21163,28602,93.6
21165,6306,31
21167,21331,85.7
21169,10099,34.9
21171,10963,33.3
21173,26499,134.3
21175,13923,36.5
21177,31499,67.4
21179,43437,104
21181,7135,36.6
21183,23842,40.6
21185,60316,322.2
21187,10841,30.9
21189,4755,24.1
21191,14877,53.7
21193,28712,84.5
21195,65024,82.6
21197,12613,70.5
21199,63063,95.8
21201,2282,22.8
21203,17056,53.9
21205,23333,83.4
21207,17565,69.2
21209,47173,167.4
21211,42074,110.8
21213,17327,74
21215,17061,91.4
21217,24512,92
21219,12460,33.3
21221,14339,32.5
21223,8809,58.1
21225,15007,43.8
21227,113792,210.1
21229,11717,39.4
21231,20813,45.4
21233,13621,41
21235,35637,81.4
21237,7355,33.1
21239,24939,132.1
22001,61773,94.3
22003,25764,33.8
22005,107215,369.7
22007,23421,69.2
22009,42073,50.5
22011,35654,30.8
22013,14353,17.7
22015,116979,139.3
22017,254969,290.2
22019,192768,181.2
22021,10132,19.1
22023,6839,5.3
22025,10407,14.7
22027,17195,22.8
22029,20822,29.9
22031,26656,30.4
22033,440171,966.6
22035,7759,18.4
22037,20267,44.7
22039,33984,51.3
22041,20767,33.2
22043,22309,34.7
22045,73240,127.6
22047,33387,54
22049,16274,28.6
22051,432552,1463.1
22053,31594,48.5
22055,221578,824.6
22057,96318,90.2
22059,14890,23.8
22061,46735,99.1
22063,128026,197.5
22065,12093,19.4
22067,27979,35.2
22069,39566,31.6
22071,343829,2029.4
22073,153720,251.8
22075,23042,29.5
22077,22802,40.9
22079,131613,99.9
22081,9091,23.4
22083,20725,37.1
22085,24233,28
22087,35897,95.1
22089,52780,189.1
22091,11203,27.4
22093,22102,91.5
22095,45924,215.5
22097,83384,90.3
22099,52160,70.7
22101,54650,98.4
22103,233740,276.4
22105,121097,153
22107,5252,8.7
22109,111860,90.8
22111,22721,25.9
22113,57999,49.4
22115,52334,39.4
22117,47168,70.4
22119,41207,69.5
22121,23788,123.6
22123,11604,32.3
22125,15625,38.8
22127,15313,16.1
23001,107702,230.2
23003,71870,10.8
23005,281674,337.2
23007,30768,18.1
23009,54418,34.3
23011,122151,140.8
23013,39736,108.8
23015,34457,75.6
23017,57833,27.8
23019,153923,45.3
23021,17535,4.4
23023,35293,139.1
23025,52228,13.3
23027,38786,53.1
23029,32856,12.8
23031,197131,199
24001,75087,177
24003,537656,1295.9
24005,805029,1345.5
24009,88737,416.3
24011,33066,103.5
24013,167134,373.4
24015,101108,292
24017,146551,320.2
24019,32618,60.3
24021,233385,353.5
24023,30097,46.5
24025,244826,560.1
24027,287085,1144.9
24029,20197,72.9
24031,971777,1978.2
24033,863420,1788.8
24035,47798,128.5
24037,105151,294.4
24039,26470,82.8
24041,37782,140.7
24043,147430,322.1
24045,98733,263.7
24047,51454,109.9
24510,620961,7671.5
25001,215888,548.3
25003,131219,141.6
25005,548285,991.3
25007,16535,160.2
25009,743159,1508.8
25011,71372,102.1
25013,463490,751
25015,158080,299.8
25017,1503085,1837.9
25019,10172,226.2
25021,670850,1693.6
25023,494919,750.9
25025,722023,12415.7
25027,798552,528.6
26001,10942,16.2
26003,9601,10.5
26005,111408,135
26007,29598,51.8
26009,23580,49.6
26011,15899,43.8
26013,8860,9.9
26015,59173,107
26017,107771,243.7
26019,17525,54.8
26021,156813,276.2
26023,45248,89.4
26025,136146,192.8
26027,52293,106.7
26029,25949,62.3
26031,26152,36.6
26033,38520,24.7
26035,30926,54.8
26037,75382,133.1
26039,14074,25.3
26041,37069,31.7
26043,26168,34.4
26045,107759,187.3
26047,32694,69.9
26049,425790,668.5
26051,25692,51.2
26053,16427,14.9
26055,86986,187.3
26057,42476,74.7
26059,46688,78.1
26061,36628,36.3
26063,33118,39.6
26065,280895,505.1
26067,63905,111.9
26069,25887,47.1
26071,11817,10.1
26073,70311,122.8
26075,160248,228.4
26077,250331,445.7
26079,17153,30.6
26081,602622,711.5
26083,2156,4
26085,11539,20.3
26087,88319,137.4
26089,21708,62.5
26091,99892,133.3
26093,180967,320.2
26095,6631,7.4
26097,11113,10.9
26099,840978,1754.9
26101,24733,45.6
26103,67077,37.1
26105,28705,58
26107,42798,77.1
26109,24029,23
26111,83629,162
26113,14849,26.3
26115,152021,276.7
26117,63342,89.8
26119,9765,17.9
26121,172188,344.9
26123,48460,59.6
26125,1202362,1385.7
26127,26570,51.9
26129,21699,38.5
26131,6780,5.2
26133,23528,41.5
26135,8640,15.3
26137,24164,46.9
26139,263801,468.2
26141,13376,20.3
26143,24449,47.1
26145,200169,250.2
26147,163040,226.1
26149,61295,122.4
26151,43114,44.8
26153,8485,7.2
26155,70648,133.1
26157,55729,69.4
26159,76258,125.5
26161,344791,488.4
26163,1820584,2974.4
26165,32735,57.9
27001,16202,8.9
27003,330844,782.1
27005,32504,24.7
27007,44442,17.7
27009,38451,94.2
27011,5269,10.6
27013,64013,85.6
27015,25893,42.4
27017,35386,41.1
27019,91042,256.9
27021,28567,14.1
27023,12441,21.4
27025,53887,129.9
27027,58999,56.4
27029,8695,8.7
27031,5176,3.6
27033,11687,18.3
27035,62500,62.6
27037,398552,709
27039,20087,45.7
27041,36009,56.5
27043,14553,20.4
27045,20866,24.2
27047,31255,44.2
27049,46183,61
27051,6018,11
27053,1152425,2081.7
27055,19027,34.5
27057,20428,22.1
27059,37816,86.8
27061,45058,16.9
27063,10266,14.6
27065,16239,31.1
27067,42239,53
27069,4552,4.1
27071,13311,4.3
27073,7259,9.5
27075,10866,5.2
27077,4045,3.1
27079,27703,61.7
27081,5896,11
27083,25857,36.2
27085,36651,74.6
27087,5413,9.7
27089,9439,5.3
27091,20840,29.3
27093,23300,38.3
27095,26097,45.6
27097,33198,29.5
27099,39163,55.1
27101,8725,12.4
27103,32727,73
27105,21378,29.9
27107,6852,7.9
27109,144248,220.8
27111,57303,29.1
27113,13930,22.6
27115,29750,21.1
27117,9596,20.6
27119,31600,16
27121,10995,16.4
27123,508640,3341.7
27125,4089,9.5
27127,16059,18.3
27129,15730,16
27131,64142,129.4
27133,9687,20.1
27135,15629,9.3
27137,200226,32
27139,129928,364.5
27141,88499,204.4
27143,15226,25.9
27145,150642,112.2
27147,36576,85.1
27149,9726,17.3
27151,9783,13.2
27153,24895,26.3
27155,3558,6.2
27157,21676,41.4
27159,13843,25.8
27161,19136,45.2
27163,238136,619.7
27165,11211,25.8
27167,6576,8.8
27169,51461,82.2
27171,124700,188.5
27173,10438,13.8
28001,32297,69.8
28003,37057,92.6
28005,13131,18
28007,19564,26.6
28009,8729,21.5
28011,34145,39
28013,14962,25.5
28015,10597,16.9
28017,17392,34.7
28019,8547,20.4
28021,9604,19.7
28023,16732,24.2
28025,20634,50.3
28027,26151,47.3
28029,29449,37.9
28031,19568,47.3
28033,161252,338.7
28035,74934,160.7
28037,8118,14.4
28039,22578,47.2
28041,14400,20.2
28043,21906,51.9
28045,43929,92.7
28047,187105,326
28049,245285,282
28051,19198,25.4
28053,9375,22.4
28055,1406,3.4
28057,23401,43.9
28059,139668,193.2
28061,17062,25.2
28063,7726,14.9
28065,12487,30.6
28067,67761,97.5
28069,10456,13.6
28071,47351,75
28073,55658,112
28075,80261,114.1
28077,12929,30
28079,23805,40.8
28081,82910,184.3
28083,32317,54.5
28085,34869,59.5
28087,59779,118.3
28089,95203,133.2
28091,27088,49.9
28093,37144,52.6
28095,36989,48.3
28097,10925,26.8
28099,29676,52.1
28101,21720,37.6
28103,11545,16.6
28105,47671,104
28107,34707,50.7
28109,55834,68.9
28111,12250,18.9
28113,40404,98.8
28115,29957,60.2
28117,25276,60.9
28119,8223,20.3
28121,141617,182.6
28123,28264,46.4
28125,4916,11.4
28127,27503,46.7
28129,16491,25.9
28131,17786,39.9
28133,29450,42.2
28135,15378,23.8
28137,28886,71.4
28139,22232,48.6
28141,19593,46.2
28143,10778,23.7
28145,27134,65.3
28147,15443,38.2
28149,48773,82.9
28151,51137,70.6
28153,20747,25.6
28155,10253,24.4
28157,9878,14.6
28159,19198,31.6
28161,12678,27.1
28163,28065,30.4
29001,25607,45.1
29003,17291,40
29005,5685,10.4
29007,25529,36.9
29009,35597,45.7
29011,12402,21
29013,17049,20.4
29015,19056,27.1
29017,12363,20
29019,162642,237.3
29021,89201,218.6
29023,42794,61.6
29025,9424,22.1
29027,44332,53.1
29029,44002,67.1
29031,75674,130.8
29033,9295,13.4
29035,6265,12.3
29037,99478,142.8
29039,13982,29.5
29041,7831,10.4
29043,77422,137.6
29045,7139,14.1
29047,221939,558.6
29049,20743,49.5
29051,75990,193
29053,17601,31.2
29055,24696,33.3
29057,7883,16.1
29059,16777,31
29061,8433,15
29063,12892,30.6
29065,15657,20.8
29067,13684,16.8
29069,31953,59.1
29071,101492,110
29073,15222,29.4
29075,6738,13.7
29077,275174,407.5
29079,10261,23.6
29081,8957,12.4
29083,22272,32
29085,9627,24.1
29087,4912,10.6
29089,10144,21.9
29091,40400,43.6
29093,10630,19.3
29095,674158,1115.3
29097,117404,183.9
29099,218733,333.1
29101,52595,63.4
29103,4131,8.2
29105,35571,46.5
29107,33381,53.1
29109,38634,63.2
29111,10211,20.2
29113,52566,83.9
29115,12761,20.7
29117,15195,28.5
29119,23083,42.8
29121,15566,19.4
29123,12226,24.7
29125,9176,17.4
29127,28781,65.9
29129,3785,8.3
29131,24748,41.8
29133,14358,34.9
29135,15607,37.6
29137,8840,13.6
29139,12236,22.8
29141,20565,34.4
29143,18956,28.1
29145,58114,93
29147,23370,26.6
29149,10881,13.8
29151,13878,23
29153,9723,13.1
29155,18296,37.1
29157,18971,40
29159,42201,61.9
29161,45156,67.2
29163,18516,27.6
29165,89322,212.6
29167,31137,49
29169,52274,95.5
29171,4979,9.6
29173,10167,21.6
29175,25414,52.7
29177,23494,41.3
29179,6696,8.3
29181,14100,22.4
29183,360485,643.2
29185,9805,14.6
29186,18145,36.4
29187,65359,144.6
29189,998954,1967.2
29195,23370,30.9
29197,4431,14.4
29199,4843,11.1
29201,39191,93.3
29203,8441,8.4
29205,6373,12.7
29207,29968,36.4
29209,32202,69.4
29211,6714,10.4
29213,51675,81.7
29215,26008,22.1
29217,21159,25.6
29219,32513,75.9
29221,25195,33.2
29223,13521,17.8
29225,36202,61.1
29227,2171,8.1
29229,18815,27.6
29510,319294,5157.5
30001,9246,1.7
30003,12865,2.6
30005,6491,1.5
30007,5612,4.7
30009,10078,4.9
30011,1160,0.3
30013,81327,30.1
30015,5813,1.5
30017,11699,3.1
30019,1751,1.2
30021,8966,3.8
30023,9298,12.6
30025,2890,1.8
30027,11586,2.7
30029,90928,17.9
30031,89513,34.4
30033,1206,0.3
30035,13399,4.5
30037,884,0.8
30039,3079,1.8
30041,16096,5.6
30043,11406,6.9
30045,2072,1.1
30047,28746,19.3
30049,63395,18.3
30051,2339,1.6
30053,19687,5.4
30055,1734,0.7
30057,7691,2.1
30059,1891,0.8
30061,4223,3.5
30063,109299,42.1
30065,4538,2.4
30067,15636,5.6
30069,494,0.3
30071,4253,0.8
30073,6153,3.8
30075,1743,0.5
30077,7027,3
30079,1179,0.7
30081,40212,16.8
30083,9746,4.7
30085,10425,4.4
30087,9233,1.8
30089,11413,4.1
30091,3384,2
30093,34200,47.6
30095,9117,5.1
30097,3651,2
30099,6073,2.7
30101,5324,2.8
30103,718,0.7
30105,7369,1.5
30107,2168,1.5
30109,1017,1.1
30111,147972,56.2
31001,31364,55.7
31003,6685,7.8
31005,460,0.6
31007,690,0.9
31009,478,0.7
31011,5505,8
31013,11308,10.5
31015,2099,3.9
31017,3145,2.6
31019,46102,47.6
31021,6858,14
31023,8395,14.4
31025,25241,45.3
31027,8852,12
31029,3966,4.4
31031,5713,1
31033,9998,8.4
31035,6542,11.4
31037,10515,25.5
31039,9139,16
31041,10939,4.2
31043,21006,79.5
31045,9182,6.6
31047,24326,24
31049,1941,4.4
31051,6000,12.6
31053,36691,69.4
31055,517110,1574.4
31057,2008,2.2
31059,5890,10.2
31061,3225,5.6
31063,2756,2.8
31065,4959,6.9
31067,22311,26.2
31069,2057,1.2
31071,2049,3.6
31073,2044,4.5
31075,614,0.8
31077,2538,4.5
31079,58607,107.3
31081,9124,16.8
31083,3423,6.2
31085,967,1.4
31087,2908,4.1
31089,10435,4.3
31091,736,1
31093,6274,11
31095,7547,13.2
31097,5217,13.9
31099,6489,12.6
31101,8368,7.9
31103,824,1.1
31105,3821,4
31107,8701,7.9
31109,285407,340.8
31111,36288,14.2
31113,763,1.3
31115,632,1.1
31117,539,0.6
31119,34876,60.9
31121,7845,16.2
31123,5042,3.5
31125,3735,8.5
31127,7248,17.8
31129,4500,7.8
31131,15740,25.6
31133,2773,6.4
31135,2970,3.4
31137,9188,17
31139,7266,12.7
31141,32237,47.8
31143,5406,12.3
31145,11055,15.4
31147,8363,15.2
31149,1526,1.5
31151,14200,24.7
31153,158840,664.6
31155,20780,27.7
31157,36970,50
31159,16750,29.3
31161,5469,2.2
31163,3152,5.6
31165,1311,0.6
31167,6129,14.3
31169,5228,9.1
31171,647,0.9
31173,6940,17.6
31175,4260,7.5
31177,20234,51.9
31179,9595,21.7
31181,3812,6.6
31183,818,1.4
31185,13665,23.9
32001,24877,5
32003,1951269,247.3
32005,46997,66.2
32007,48818,2.8
32009,783,0.2
32011,1987,0.5
32013,16528,1.7
32015,5775,1.1
32017,5345,0.5
32019,51980,26
32021,4772,1.3
32023,43946,2.4
32027,6753,1.1
32029,4010,15.3
32031,421407,66.9
32033,10030,1.1
32510,55274,382.1
33001,60088,150.1
33003,47818,51.4
33005,77117,109.1
33007,33055,18.4
33009,89118,52.2
33011,400721,457.4
33013,146445,156.8
33015,295223,425
33017,123143,333.7
33019,43742,81.4
34001,274549,494.1
34003,905116,3884.5
34005,448734,561.9
34007,513657,2321.5
34009,97265,386.9
34011,156898,324.4
34013,783969,6211.5
34015,288288,895.3
34017,634266,13731.4
34019,128349,300
34021,366513,1632.2
34023,809858,2621.6
34025,630380,1344.7
34027,492276,1069.8
34029,576567,917
34031,501226,2715.3
34033,66083,199.1
34035,323444,1071.7
34037,149265,287.6
34039,536499,5216.1
34041,108692,304.5
35001,662564,570.8
35003,3725,0.5
35005,65645,10.8
35006,27213,6
35007,13750,3.7
35009,48376,34.4
35011,2022,0.9
35013,209233,55
35015,53829,12.9
35017,29514,7.4
35019,4687,1.5
35021,695,0.3
35023,4894,1.4
35025,64727,14.7
35027,20497,4.2
35028,17950,164.4
35029,25095,8.5
35031,71492,13.1
35033,4881,2.5
35035,63797,9.6
35037,9041,3.1
35039,40246,6.9
35041,19846,8.1
35043,131561,35.5
35045,130044,23.6
35047,29393,6.2
35049,144170,75.5
35051,11988,2.9
35053,17866,2.7
35055,32937,15
35057,16383,4.9
35059,4549,1.2
35061,76569,71.8
36001,304204,581.9
36003,48946,47.6
36005,1385108,32903.6
36007,200600,284.2
36009,80317,61.4
36011,80026,115.7
36013,134905,127.2
36015,88830,218.1
36017,50477,56.5
36019,82128,79.1
36021,63096,99.4
36023,49336,98.9
36025,47980,33.3
36027,297488,373.9
36029,919040,881.4
36031,39370,21.9
36033,51599,31.7
36035,55531,112.1
36037,60079,121.9
36039,49221,76.1
36041,4836,2.8
36043,64519,45.7
36045,116229,91.6
36047,2504700,35369.1
36049,27087,21.3
36051,65393,103.5
36053,73442,112.2
36055,744344,1132.6
36057,50219,124.6
36059,1339532,4704.8
36061,1585873,69467.5
36063,216469,414.4
36065,234878,193.7
36067,467026,600
36069,107931,167.6
36071,372813,459.3
36073,42883,109.6
36075,122109,128.3
36077,62259,62.2
36079,99710,432.9
36081,2230722,20553.6
36083,159429,244.4
36085,468730,8030.3
36087,311687,1795.9
36089,111944,41.8
36091,219607,271.1
36093,154727,756.6
36095,32749,52.7
36097,18343,55.9
36099,35251,108.9
36101,98990,71.2
36103,1493350,1637.4
36105,77547,80.1
36107,51125,98.6
36109,101564,214
36111,182493,162.3
36113,65707,75.8
36115,63216,76.1
36117,93772,155.3
36119,949113,2204.7
36121,42155,71.1
36123,25348,75
37001,151131,356.5
37003,37198,143.1
37005,11155,47.5
37007,26948,50.7
37009,27281,64
37011,17797,72
37013,47759,57.7
37015,21282,30.4
37017,35190,40.2
37019,107431,126.8
37021,238318,362.9
37023,90912,179.3
37025,178011,492.1
37027,83029,176.1
37029,9980,41.5
37031,66469,131.3
37033,23719,55.8
37035,154358,387.1
37037,63505,93.1
37039,27444,60.3
37041,14793,85.8
37043,10587,49.3
37045,98078,211.3
37047,58098,62
37049,103505,146
37051,319431,489.7
37053,23547,89.9
37055,33920,88.5
37057,162878,294.7
37059,41240,156.2
37061,58505,71.7
37063,267587,935.7
37065,56552,111.9
37067,350670,859.2
37069,60619,123.3
37071,206086,578.8
37073,12197,35.8
37075,8861,30.3
37077,59916,112.7
37079,21362,80.3
37081,488406,756.4
37083,54691,75.5
37085,114678,192.7
37087,59036,106.6
37089,106740,286.1
37091,24669,69.9
37093,46952,120.2
37095,5810,9.5
37097,159437,277.8
37099,40271,82.1
37101,168878,213.4
37103,10153,21.6
37105,57866,227
37107,59495,148.5
37109,78265,262.7
37111,44996,102.1
37113,33922,65.8
37115,20764,46.2
37117,24505,53.1
37119,919628,1755.5
37121,15579,70.4
37123,27798,56.5
37125,88247,126.5
37127,95840,177.3
37129,202667,1058.1
37131,22099,41.2
37133,177772,233.1
37135,133801,336.2
37137,13144,39.1
37139,40661,179.2
37141,52217,60
37143,13453,54.4
37145,39464,100.6
37147,168148,257.9
37149,20510,86.3
37151,141752,181.1
37153,46639,98.4
37155,134168,141.3
37157,93643,165.6
37159,138428,270.7
37161,67810,120.2
37163,63431,67.1
37165,36157,113.4
37167,60585,153.3
37169,47401,105.6
37171,73673,138.4
37173,13981,26.5
37175,33090,87.4
37177,4407,11.3
37179,201292,318.7
37181,45422,179.2
37183,900993,1078.8
37185,20972,48.9
37187,13228,38
37189,51079,163.4
37191,122623,221.7
37193,69340,91.9
37195,81234,220.6
37197,38406,114.7
37199,17818,57
38001,2343,2.4
38003,11066,7.4
38005,6660,4.8
38007,783,0.7
38009,6429,3.9
38011,3151,2.7
38013,1968,1.8
38015,81308,49.8
38017,149778,84.9
38019,3993,2.7
38021,5289,4.7
38023,2071,1.6
38025,3536,1.8
38027,2385,3.8
38029,3550,2.4
38031,3343,5.3
38033,1680,1.7
38035,66861,46.5
38037,2394,1.4
38039,2420,3.4
38041,2477,2.2
38043,2435,1.8
38045,4139,3.6
38047,1990,2
38049,5395,2.9
38051,2809,2.9
38053,6360,2.3
38055,8962,4.2
38057,8424,8.1
38059,27471,14.3
38061,7673,4.2
38063,3126,3.2
38065,1846,2.6
38067,7413,6.6
38069,4357,4.3
38071,11451,9.6
38073,5457,6.3
38075,2470,2.8
38077,16321,11.4
38079,13937,15.4
38081,3829,4.5
38083,1321,1.4
38085,4153,3.8
38087,727,0.6
38089,24199,18.1
38091,1975,2.8
38093,21100,9.5
38095,2246,2.2
38097,8121,9.4
38099,11119,8.7
38101,61675,30.6
38103,4207,3.3
38105,22398,10.8
39001,28550,48.9
39003,106331,264.2
39005,53139,125.6
39007,101497,144.6
39009,64757,128.6
39011,45949,114.5
39013,70400,132.3
39015,44846,91.5
39017,368130,788.2
39019,28836,73.1
39021,40097,93.5
39023,138333,348
39025,197363,436.5
39027,42040,102.9
39029,107841,202.7
39031,36901,65.4
39033,43784,109
39035,1280122,2800
39037,52959,88.5
39039,39037,94.9
39041,174214,393.2
39043,77079,306.4
39045,146156,289.8
39047,29030,71.4
39049,1163414,2186.1
39051,42698,105.3
39053,30934,66.3
39055,93389,233.4
39057,161573,390.5
39059,40087,76.8
39061,802374,1976.7
39063,74782,140.7
39065,32058,68.1
39067,15864,39.4
39069,28215,67.8
39071,43589,78.8
39073,29380,69.7
39075,42366,100.3
39077,59626,121.3
39079,33225,79
39081,69709,170.7
39083,60921,115.9
39085,230041,1011.2
39087,62450,137.7
39089,166492,243.9
39091,45858,100
39093,301356,613.6
39095,441815,1296.2
39097,43435,93.2
39099,238823,580.2
39101,66501,164.7
39103,172332,409
39105,23770,55.3
39107,40814,88.3
39109,102506,252.1
39111,14642,32.1
39113,535153,1159.5
39115,15054,36.2
39117,34827,85.8
39119,86074,129.5
39121,14645,36.8
39123,41428,162.5
39125,19614,47.1
39127,36058,88.4
39129,55698,111.1
39131,28709,65.2
39133,161419,331.2
39135,42270,99.7
39137,34499,71.5
39139,124475,251.3
39141,78064,113.3
39143,60944,149.2
39145,79499,130.3
39147,56745,103
39149,49423,121.2
39151,375586,652.9
39153,541781,1312.6
39155,210312,340.1
39157,92582,163.1
39159,52300,121.1
39161,28744,70.3
39163,13435,32.6
39165,212693,530
39167,61778,97.8
39169,114520,206.4
39171,37642,89.4
39173,125488,203.3
39175,22615,55.6
40001,22683,39.6
40003,5642,6.5
40005,14182,14.5
40007,5636,3.1
40009,22119,24.5
40011,11943,12.9
40013,42416,46.9
40015,29600,23.2
40017,115541,128.9
40019,47557,57.8
40021,46987,62.7
40023,15205,19.7
40025,2475,1.3
40027,255755,474.7
40029,5925,11.5
40031,124098,116.1
40033,6193,9.8
40035,15029,19.7
40037,69967,73.6
40039,27469,27.8
40041,41487,56.2
40043,4810,4.8
40045,4151,3.4
40047,60580,57.2
40049,27576,34.4
40051,52431,47.6
40053,4527,4.5
40055,6239,9.8
40057,2922,5.4
40059,3685,3.5
40061,12769,22.1
40063,14003,17.4
40065,26446,32.9
40067,6472,8.5
40069,10957,17
40071,46562,50.6
40073,15034,16.7
40075,9446,9.3
40077,11154,15.4
40079,50384,31.7
40081,34273,36
40083,41848,56.3
40085,9423,18.3
40087,34506,60.5
40089,33151,17.9
40091,20252,32.7
40093,7527,7.9
40095,15840,42.7
40097,41259,63
40099,13488,32.4
40101,70990,87.6
40103,11561,15.8
40105,10536,18.6
40107,12191,19.7
40109,718633,1013.8
40111,40069,57.5
40113,47472,21.1
40115,31848,67.6
40117,16577,29.2
40119,77350,113
40121,45837,35.1
40123,37492,52
40125,69442,88.2
40127,11572,8.3
40129,3647,3.2
40131,86905,128.6
40133,25482,40.3
40135,42391,63
40137,45048,51.8
40139,20640,10.1
40141,7992,9.2
40143,603403,1058.1
40145,73085,130.1
40147,50976,122.7
40149,11629,11.6
40151,8878,6.9
40153,20081,16.2
41001,16134,5.3
41003,85579,126.6
41005,375992,201
41007,37039,44.7
41009,49351,75.1
41011,63043,39.5
41013,20978,7
41015,22364,13.7
41017,157733,52.3
41019,107667,21.4
41021,1871,1.6
41023,7445,1.6
41025,7422,0.7
41027,22346,42.8
41029,203206,73
41031,21720,12.2
41033,82713,50.4
41035,66380,11.2
41037,7895,1
41039,351715,77.2
41041,46034,47
41043,116672,50.9
41045,31313,3.2
41047,315335,266.7
41049,11173,5.5
41051,735334,1704.9
41053,75403,101.8
41055,1765,2.1
41057,25250,22.9
41059,75889,23.6
41061,25748,12.6
41063,7008,2.2
41065,25213,10.6
41067,529710,731.4
41069,1441,0.8
41071,99193,138.6
42001,101407,195.5
42003,1223348,1675.6
42005,68941,105.5
42007,170539,392.3
42009,49762,49.2
42011,411442,480.4
42013,127089,241.7
42015,62622,54.6
42017,625249,1034.7
42019,183862,233.1
42021,143679,208.7
42023,5085,12.8
42025,65249,171.1
42027,153990,138.7
42029,498886,664.7
42031,39988,66.6
42033,81642,71.3
42035,39238,44.2
42037,67295,139.3
42039,88765,87.7
42041,235406,431.6
42043,268100,510.6
42045,558979,3040.5
42047,31946,38.6
42049,280566,351.1
42051,136606,172.8
42053,7716,18.1
42055,149618,193.7
42057,14845,33.9
42059,38686,67.2
42061,45913,52.5
42063,88880,107.5
42065,45200,69.3
42067,24636,63
42069,214437,467.1
42071,519445,550.4
42073,91108,254.4
42075,133568,369.1
42077,349497,1012.5
42079,320918,360.4
42081,116111,94.5
42083,43450,44.4
42085,116638,173.4
42087,46682,113.6
42089,169842,279.2
42091,799874,1655.9
42093,18267,140.3
42095,297735,805.4
42097,94528,206.2
42099,45969,83.4
42101,1526006,11379.5
42103,57369,105.3
42105,17457,16.1
42107,148289,190.4
42109,39702,120.8
42111,77742,72.4
42113,6428,14.3
42115,43356,52.7
42117,41981,37
42119,44947,142.2
42121,54984,81.5
42123,41815,47.3
42125,207820,242.5
42127,52822,72.8
42129,365169,355.4
42131,28276,71.2
42133,434972,481.1
44001,49875,2064
44003,166158,985.9
44005,82888,809.6
44007,626667,1530.3
44009,126979,385.7
45001,25417,51.8
45003,160099,149.5
45005,10419,25.5
45007,187126,261.6
45009,15987,40.6
45011,22621,41.2
45013,162233,281.5
45015,177843,161.8
45017,15175,39.8
45019,350209,382.3
45021,55342,140.9
45023,33140,57.1
45025,46734,58.5
45027,34971,57.6
45029,38892,36.8
45031,68681,122.4
45033,32062,79.2
45035,136555,238.2
45037,26985,53.9
45039,23956,34.9
45041,136885,171.1
45043,60158,73.9
45045,451225,574.7
45047,69661,153.2
45049,21090,37.7
45051,269291,237.5
45053,24777,37.8
45055,61697,84.9
45057,76652,139.6
45059,66537,93.2
45061,19220,46.9
45063,262391,375.4
45065,10233,28.5
45067,33062,67.6
45069,28933,60.3
45071,37508,59.5
45073,74273,118.6
45075,92501,83.6
45077,119224,240.2
45079,384504,507.9
45081,19875,43.9
45083,284307,351.9
45085,107456,161.6
45087,28961,56.3
45089,34423,36.8
45091,226073,332.2
46003,2710,3.8
46005,17398,13.8
46007,3431,2.9
46009,7070,12.5
46011,31965,40.3
46013,36531,21.3
46015,5255,6.4
46017,1912,4.1
46019,10110,4.5
46021,1466,2
46023,9129,8.3
46025,3691,3.9
46027,13864,33.6
46029,27227,39.5
46031,4050,1.6
46033,8216,5.3
46035,19504,44.8
46037,5710,5.6
46039,4364,7
46041,5301,2.3
46043,3002,7
46045,4071,3.6
46047,7094,4.1
46049,2364,2.4
46051,7356,10.8
46053,4271,4.2
46055,1937,1.1
46057,5903,11.6
46059,3431,2.4
46061,3331,7.7
46063,1255,0.5
46065,17022,23
46067,7343,9
46069,1420,1.7
46071,3031,1.6
46073,2071,3.9
46075,1006,1
46077,5148,6.2
46079,11200,19.9
46081,24097,30.1
46083,44828,77.7
46085,3755,2.3
46087,5618,9.8
46089,2459,2.2
46091,4656,5.6
46093,25434,7.3
46095,2048,1.6
46097,2389,4.2
46099,169468,210
46101,6486,12.5
46103,100948,36.4
46105,2982,1
46107,2329,2.7
46109,10149,9.2
46111,2355,4.1
46113,13586,6.5
46115,6415,4.3
46117,2966,2.1
46119,1373,1.4
46121,9612,6.9
46123,5644,3.5
46125,8347,13.5
46127,14399,31.3
46129,5438,7.7
46135,22438,43.1
46137,2801,1.4
47001,75129,222.8
47003,45058,95.1
47005,16489,41.8
47007,12876,31.7
47009,123010,220.2
47011,98963,301
47013,40716,84.8
47015,13801,52
47017,28522,47.6
47019,57424,168.3
47021,39105,129.3
47023,17131,60
47025,32213,74.1
47027,7861,33.2
47029,35662,82.1
47031,52796,123.1
47033,14586,54.9
47035,56053,82.3
47037,626681,1243.3
47039,11757,35.2
47041,18723,61.5
47043,49666,101.4
47045,38335,74.8
47047,38413,54.5
47049,17959,36
47051,41052,74
47053,49683,82.4
47055,29485,48.3
47057,22657,80.7
47059,68831,110.6
47061,13703,38
47063,62544,388
47065,336463,620.3
47067,6819,30.7
47069,27253,40.8
47071,26026,45.1
47073,56833,116.7
47075,18787,35.2
47077,27769,53.4
47079,32330,57.5
47081,24690,40.3
47083,8426,42.1
47085,18538,34.9
47087,11638,37.7
47089,51407,187.6
47091,18244,61.1
47093,432226,850.5
47095,7832,47.2
47097,27815,58.9
47099,41869,67.8
47101,12161,43.1
47103,33361,58.5
47105,48556,211.8
47107,52266,121.5
47109,26075,46.3
47111,22248,72.4
47113,98294,176.4
47115,28237,56.7
47117,30617,81.5
47119,80956,132
47121,11753,60.2
47123,44519,70
47125,172331,319.6
47127,6362,49.2
47129,21987,42.1
47131,31807,58.4
47133,22083,50.9
47135,7915,19.1
47137,5077,31.2
47139,16825,38.7
47141,72321,180.3
47143,31809,100.9
47145,54181,150.2
47147,66283,139.2
47149,262604,424
47151,22228,41.8
47153,14112,53.1
47155,89889,151.7
47157,927644,1215.5
47159,19166,61
47161,13324,29
47163,156823,379.4
47165,160645,303.4
47167,61081,133.3
47169,7870,68.9
47171,18313,98.4
47173,19109,85.5
47175,5548,20.3
47177,39839,92.1
47179,122979,376.7
47181,17021,23.2
47183,35021,60.3
47185,25841,68.6
47187,183182,314.4
47189,113993,199.7
48001,58458,55
48003,14786,9.9
48005,86771,108.8
48007,23158,91.9
48009,9054,10
48011,1901,2.1
48013,44911,36.8
48015,28417,44
48017,7165,8.7
48019,20485,25.9
48021,74171,83.5
48023,3726,4.3
48025,31861,36.2
48027,310235,295.2
48029,1714773,1383.1
48031,10497,14.8
48033,641,0.7
48035,18212,18.5
48037,92565,104.6
48039,313166,230.7
48041,194851,332.8
48043,9232,1.5
48045,1637,1.8
48047,7223,7.7
48049,38106,40.3
48051,17187,26.1
48053,42750,43
48055,38066,69.8
48057,21381,42.2
48059,13544,15.1
48061,406220,456
48063,12401,63.3
48065,6182,6.7
48067,30464,32.5
48069,8062,9
48071,35096,58.8
48073,50845,48.3
48075,7041,10.1
48077,10752,9.9
48079,3127,4
48081,3320,3.6
48083,8895,7
48085,782341,930
48087,3057,3.3
48089,20874,21.7
48091,108472,193.9
48093,13974,14.9
48095,4087,4.2
48097,38437,43.9
48099,75388,71.7
48101,1505,1.7
48103,4375,5.6
48105,3719,1.3
48107,6059,6.7
48109,2398,0.6
48111,6703,4.5
48113,2368139,2718
48115,13833,15.4
48117,19372,12.9
48119,5231,20.4
48121,662614,754.3
48123,20097,22.1
48125,2444,2.7
48127,9996,7.5
48129,3677,4
48131,11782,6.6
48133,18583,20.1
48135,137130,152.8
48137,2002,0.9
48139,149610,159.9
48141,800647,790.6
48143,37890,35
48145,17866,23.3
48147,33915,38.1
48149,24554,25.8
48151,3974,4.4
48153,6446,6.5
48155,1336,1.9
48157,585375,679.5
48159,10605,37.3
48161,19816,22.6
48163,17217,15.2
48165,17526,11.7
48167,291309,769.9
48169,6461,7.2
48171,24837,23.5
48173,1226,1.4
48175,7210,8.5
48177,19807,18.6
48179,22535,24.3
48181,120877,129.6
48183,121730,445.4
48185,26604,33.8
48187,131533,184.9
48189,36273,36.1
48191,3353,3.8
48193,8517,10.2
48195,5613,6.1
48197,4139,6
48199,54635,61.3
48201,4092459,2402.4
48203,65631,72.9
48205,6062,4.1
48207,5899,6.5
48209,157107,231.7
48211,3807,4.2
48213,78532,89.9
48215,774769,493.2
48217,35089,36.6
48219,22935,25.2
48221,51182,121.7
48223,35161,45.8
48225,23732,19.3
48227,35012,38.9
48229,3476,0.8
48231,86129,102.5
48233,22150,25
48235,1599,1.5
48237,9044,9.9
48239,14075,17
48241,35710,38
48243,2342,1
48245,252273,287.9
48247,5300,4.7
48249,40838,47.2
48251,150934,208.3
48253,20202,21.8
48255,14824,19.8
48257,103350,132.4
48259,33410,50.4
48261,416,0.3
48263,808,0.9
48265,49625,45
48267,4607,3.7
48269,286,0.3
48271,3598,2.6
48273,32061,36.4
48275,3719,4.4
48277,49793,54.9
48279,13977,13.8
48281,19677,27.6
48283,6886,4.6
48285,19263,19.9
48287,16612,26.4
48289,16801,15.7
48291,75643,65.3
48293,23384,25.8
48295,3302,3.5
48297,11531,11.1
48299,19301,20.7
48301,82,0.1
48303,278831,311.3
48305,5915,6.6
48307,8283,7.8
48309,234906,226.5
48311,707,0.6
48313,13664,29.3
48315,10546,27.7
48317,4799,5.2
48319,4012,4.3
48321,36702,33.4
48323,54258,42.4
48325,46006,34.7
48327,2242,2.5
48329,136872,152
48331,24757,24.3
48333,4936,6.6
48335,9403,10.3
48337,19719,21.2
48339,455746,437.5
48341,21904,24.3
48343,12934,51.3
48345,1210,1.2
48347,64524,68.2
48349,47735,47.3
48351,14445,15.5
48353,15216,16.7
48355,340223,405.8
48357,10223,11.1
48359,2052,1.4
48361,81837,245.3
48363,28111,29.5
48365,23796,29.7
48367,116927,129.4
48369,10269,11.7
48371,15507,3.3
48373,45413,43
48375,121073,133.3
48377,7818,2
48379,10914,47.6
48381,120725,132.4
48383,3367,2.9
48385,3309,4.7
48387,12860,12.4
48389,13783,5.2
48391,7383,9.6
48393,929,1
48395,16622,19.4
48397,78337,616.7
48399,10501,10
48401,53330,57.7
48403,10834,22
48405,8865,16.7
48407,26384,46.3
48409,64804,93.5
48411,6131,5.4
48413,3461,2.6
48415,16921,18.7
48417,3378,3.7
48419,25448,32
48421,3034,3.3
48423,209714,227.6
48425,8490,45.5
48427,60968,49.8
48429,9630,10.7
48431,1143,1.2
48433,1490,1.6
48435,4128,2.8
48437,7854,8.8
48439,1809034,2094.7
48441,131506,143.6
48443,984,0.4
48445,12651,14.2
48447,1641,1.8
48449,32334,79.6
48451,110224,72.4
48453,1024266,1034.4
48455,14585,21
48457,21766,23.5
48459,39309,67.4
48461,3355,2.7
48463,26405,17
48465,48879,15.5
48467,52579,62.4
48469,86793,98.4
48471,67861,86.5
48473,43205,84.1
48475,10658,12.8
48477,33718,55.8
48479,250304,74.5
48481,41280,38
48483,5410,5.9
48485,131500,209.5
48487,13535,13.9
48489,22134,37.5
48491,422679,378
48493,42918,53.4
48495,7110,8.5
48497,59127,65.4
48499,41964,65
48501,7879,9.9
48503,18550,20.3
48505,14018,14
48507,11677,9
49001,6629,2.6
49003,49975,8.7
49005,112656,96.7
49007,21403,14.5
49009,1059,1.5
49011,306479,1025.8
49013,18607,5.7
49015,10976,2.5
49017,5172,1
49019,9225,2.5
49021,46163,14
49023,10246,3
49025,7125,1.8
49027,12503,1.9
49029,9469,15.5
49031,1556,2.1
49033,2264,2.2
49035,1029655,1387.1
49037,14746,1.9
49039,27822,17.5
49041,20802,10.9
49043,36324,19.4
49045,58218,8.4
49047,32588,7.3
49049,516564,257.8
49051,23530,20
49053,138115,56.9
49055,2778,1.1
49057,231236,401.4
50001,36821,48
50003,37125,55
50005,31227,48.1
50007,156545,291.7
50009,6306,9.5
50011,47746,75.3
50013,6970,85.2
50015,24475,53.3
50017,28936,42.1
50019,27231,39.3
50021,61642,66.3
50023,59534,86.6
50025,44513,56.7
50027,56670,58.5
51001,33164,73.8
51003,98970,137.3
51005,16250,36.5
51007,12690,35.7
51009,32353,68.3
51011,14973,44.9
51013,207627,7993.6
51015,73750,76.3
51017,4731,8.9
51019,68676,91.2
51021,6824,19.1
51023,33148,61.2
51025,17434,30.8
51027,24098,47.9
51029,17146,29.6
51031,54842,108.8
51033,28545,54.1
51035,30042,63.3
51036,7256,39.7
51037,12586,26.5
51041,316236,747.1
51043,14034,79.7
51045,5190,15.7
51047,46689,123.1
51049,10052,33.8
51051,15903,48.1
51053,28001,55.6
51057,11151,43.4
51059,1081726,2766.8
51061,65203,100.7
51063,15279,40.2
51065,25691,89.8
51067,56159,81.3
51069,78305,189.4
51071,17286,48.6
51073,36858,169.2
51075,21717,77.2
51077,15533,35.1
51079,18403,117.8
51081,12243,41.5
51083,36241,44.3
51085,99863,213.1
51087,306935,1313.4
51089,54151,141.6
51091,2321,5.6
51093,35270,111.8
51095,67009,470.4
51097,6945,22
51099,23584,131.3
51101,15935,58.2
51103,11391,85.5
51105,25587,58.8
51107,312311,605.8
51109,33153,66.8
51111,12914,29.9
51113,13308,41.5
51115,8978,104.5
51117,32727,52.3
51119,10959,84.1
51121,94392,243.9
51125,15020,31.9
51127,18429,87.9
51131,12389,58.5
51133,12330,64.5
51135,15853,50.4
51137,33481,98.2
51139,24042,77.3
51141,18490,38.3
51143,63506,65.5
51145,28046,107.8
51147,23368,66.8
51149,35725,134.7
51153,402002,1195
51155,34872,109
51157,7373,27.7
51159,9254,48.3
51161,92376,368.7
51163,22307,37.3
51165,76314,89.9
51167,28897,61
51169,23177,43.3
51171,41993,82.5
51173,32208,71.4
51175,18570,31
51177,122397,304.9
51179,128961,479.5
51181,7058,25.3
51183,12087,24.7
51185,45078,86.9
51187,37575,176
51191,54876,97.8
51193,17454,76.1
51195,41452,102.8
51197,29235,63.3
51199,65464,624.8
51510,139966,9314.3
51515,6222,904.6
51520,17835,1370.6
51530,6650,991.9
51540,43475,4246.4
51550,222209,652
51570,17411,2315.3
51580,5961,1090.2
51590,43055,1002.8
51595,5927,859.7
51600,22565,3616.8
51610,12332,6169.1
51620,8582,1045.8
51630,24286,2326.2
51640,7042,854.6
51650,137436,2673.2
51660,48914,2808.2
51670,22591,2198
51678,7042,2820.2
51680,75568,1538.2
51683,37821,3827.6
51685,14273,5632.6
51690,13821,1261.5
51700,180719,2630
51710,242803,4486.4
51720,3958,529.1
51730,32420,1413.7
51735,12150,793.2
51740,95535,2838.8
51750,16408,1662.1
51760,204214,3414.7
51770,97032,2279.8
51775,24802,1717.9
51790,23746,1188.8
51800,84585,211.4
51810,437994,1758.9
51820,21006,1396.8
51830,14068,1559.3
51840,26203,2838
53001,18728,9.7
53003,21623,34
53005,175177,103
53007,72453,24.8
53009,71404,41.1
53011,425363,676.2
53013,4078,4.7
53015,102410,89.8
53017,38431,21.1
53019,7551,3.4
53021,78163,62.9
53023,2266,3.2
53025,89120,33.3
53027,72797,38.3
53029,78506,376.6
53031,29872,16.6
53033,1931249,912.9
53035,251133,635.9
53037,40915,17.8
53039,20318,10.9
53041,75455,31.4
53043,10570,4.6
53045,60699,63.3
53047,41120,7.8
53049,20920,22.4
53051,13001,9.3
53053,795225,476.3
53055,15769,90.7
53057,116901,67.5
53059,11066,6.7
53061,713335,341.8
53063,471221,267.2
53065,43531,17.6
53067,252264,349.4
53069,3978,15.1
53071,58781,46.3
53073,201140,95.5
53075,44776,20.7
53077,243231,56.6
54001,16589,48.6
54003,104169,324.4
54005,24629,49.1
54007,14523,28.4
54009,24069,269.8
54011,96319,342.8
54013,7627,27.3
54015,9386,27.5
54017,8202,25.7
54019,46039,69.6
54021,8693,25.7
54023,11937,25
54025,35480,34.8
54027,23964,37.4
54029,30676,371.3
54031,14025,24.1
54033,69099,166.1
54035,29211,62.9
54037,53498,255.2
54039,193063,214.1
54041,16372,42.5
54043,21720,49.7
54045,36743,81
54047,22113,41.5
54049,56418,182.7
54051,33107,108.4
54053,27324,63.4
54055,62264,148.6
54057,28212,86.1
54059,26839,63.4
54061,96189,267.1
54063,13502,28.6
54065,17541,76.6
54067,26233,40.6
54069,44443,420
54071,7695,11.1
54073,7605,58.5
54075,8719,9.3
54077,33520,51.7
54079,55486,160.5
54081,78859,130.3
54083,29405,28.3
54085,10449,23.1
54087,14926,30.9
54089,13927,38.6
54091,16895,97.8
54093,7141,17
54095,9208,35.9
54097,24254,68.4
54099,42481,84
54101,9154,16.5
54103,16583,46.3
54105,5717,24.6
54107,86956,237.4
54109,23796,47.6
55001,20875,32.3
55003,16157,15.5
55005,45870,53.2
55007,15014,10.2
55009,248007,468.2
55011,13587,20.2
55013,15457,18.8
55015,48971,153.9
55017,62415,61.9
55019,34690,28.7
55021,56833,74.2
55023,16644,29.2
55025,488073,407.7
55027,88759,101.4
55029,27785,57.6
55031,44159,33.9
55033,43857,51.6
55035,98736,154.8
55037,4423,9.1
55039,101633,141.2
55041,9304,9.2
55043,51208,44.7
55045,36842,63.1
55047,19051,54.5
55049,23687,31.1
55051,5916,7.8
55053,20449,20.7
55055,83686,150.4
55057,26664,34.8
55059,166426,611.9
55061,20574,60.1
55063,114638,253.8
55065,16836,26.6
55067,19977,22.9
55069,28743,32.7
55071,81442,138.3
55073,134063,86.8
55075,41749,29.8
55077,15404,33.8
55078,4232,11.8
55079,947735,3926
55081,44673,49.6
55083,37660,37.7
55085,35998,32.3
55087,176695,277.2
55089,86395,370.7
55091,7469,32.2
55093,41019,71.5
55095,44205,48.4
55097,70019,87.4
55099,14159,11.3
55101,195408,587.7
55103,18021,30.7
55105,160331,223.3
55107,14755,16.2
55109,84345,116.8
55111,61976,74.6
55113,16557,13.2
55115,41949,47
55117,115507,225.9
55119,20689,21.2
55121,28816,39.3
55123,29773,37.6
55125,21430,25
55127,102228,184.2
55129,15911,20
55131,131887,306.2
55133,389891,709.4
55135,52410,70.1
55137,24496,39.1
55139,166994,384.3
55141,74749,94.2
56001,36299,8.5
56003,11668,3.7
56005,46133,9.6
56007,15885,2
56009,13833,3.3
56011,7083,2.5
56013,40123,4.4
56015,13249,6
56017,4812,2.4
56019,8569,2.1
56021,91738,34.2
56023,18106,4.4
56025,75450,14.1
56027,2484,0.9
56029,28205,4.1
56031,8667,4.2
56033,29116,11.5
56035,10247,2.1
56037,43806,4.2
56039,21294,5.3
56041,21118,10.1
56043,8533,3.8
56045,7208,3
